customer_id,has_social_account,social_mentions_count,social_sentiment,online_reviews_count,avg_review_rating,website_visits_monthly,mobile_app_rating,forum_posts_count,community_member,brand_mentions_positive,brand_mentions_negative,follower_count,is_influencer
CUST_000001,True,5,Negative,1,1.463379454703564,7,3.5051529215263604,0,True,0,0,12.848404850922174,False
CUST_000002,True,1,Positive,0,,6,,2,True,1,0,83.69407928436716,False
CUST_000003,True,2,Positive,0,,8,,0,False,0,1,1602.6408597335576,False
CUST_000004,True,2,Negative,0,,4,3.3606297887096606,1,False,0,0,379.9518493632031,False
CUST_000005,True,2,Neutral,1,2.055286834204666,4,,1,False,0,0,106.80188078065679,False
CUST_000006,False,0,No Data,0,,5,3.775410209785615,2,False,0,0,0.0,False
CUST_000007,False,0,No Data,0,,7,3.5961575458243846,1,True,0,0,0.0,False
CUST_000008,True,2,Neutral,0,,6,,1,False,0,0,822.1873717378768,False
CUST_000009,False,0,No Data,0,,5,3.7539716023571077,1,False,0,0,0.0,False
CUST_000010,False,0,No Data,1,3.185576824294789,5,4.590860855774012,0,False,0,0,0.0,False
CUST_000011,True,2,Negative,0,,2,3.0841217683356046,1,False,1,0,55.555965063740054,False
CUST_000012,False,0,No Data,1,4.448959431679539,6,4.003891301145475,2,False,0,0,0.0,False
CUST_000013,False,0,No Data,0,,2,4.173117101338865,1,False,0,0,0.0,False
CUST_000014,True,0,Positive,0,,13,,1,True,1,0,37.25775042193612,False
CUST_000015,False,0,No Data,0,,8,4.55709178383483,2,False,0,0,0.0,False
CUST_000016,True,3,Neutral,0,,3,,1,False,1,0,22843.809188766765,True
CUST_000017,False,0,No Data,0,,7,,1,True,0,0,0.0,False
CUST_000018,True,3,Positive,1,5.0,5,,0,False,0,1,52149.1908524452,True
CUST_000019,False,0,No Data,1,3.9892745664407974,4,,1,True,0,0,0.0,False
CUST_000020,True,1,Neutral,1,5.0,5,2.6464615179521074,1,True,0,0,55.165500345215406,False
CUST_000021,False,0,No Data,0,,7,,1,False,0,0,0.0,False
CUST_000022,False,0,No Data,0,,5,3.433765026866692,0,False,0,0,0.0,False
CUST_000023,True,1,Neutral,1,5.0,10,4.185083939562456,1,True,0,0,5.872751826007915,False
CUST_000024,False,0,No Data,0,,4,4.405443727749624,1,True,0,0,0.0,False
CUST_000025,True,1,Negative,0,,3,3.9003435027449824,0,False,1,0,20.152050887865464,False
CUST_000026,True,1,Negative,0,,4,4.846244673695024,2,False,2,0,661.8825188226647,False
CUST_000027,False,0,No Data,0,,8,3.986100751870661,0,False,0,0,0.0,False
CUST_000028,True,1,Neutral,0,,8,3.5452086016625817,0,False,1,0,6083.123636021676,False
CUST_000029,True,2,Neutral,0,,1,4.165283683914366,0,False,0,1,5126.1108463781475,False
CUST_000030,True,2,Positive,2,3.3530366083830248,3,,1,False,1,1,82.49156355323063,False
CUST_000031,True,5,Neutral,1,3.2011850413422867,4,4.496723187336661,0,False,1,1,695.7743489813973,False
CUST_000032,True,0,Positive,0,,7,,0,True,3,0,49.614505058352705,False
CUST_000033,True,1,Positive,1,4.099269895068016,4,4.7218155384990705,0,False,1,0,156.05055896244144,False
CUST_000034,False,0,No Data,0,,3,4.560674891079997,2,False,0,0,0.0,False
CUST_000035,False,0,No Data,0,,7,3.8415989495934175,5,False,0,0,0.0,False
CUST_000036,True,2,Neutral,0,,4,3.54469205086109,0,True,1,2,2016.2090643410284,False
CUST_000037,False,0,No Data,0,,12,,0,False,0,0,0.0,False
CUST_000038,True,4,Positive,3,1.0,6,,0,False,2,0,590.140423062529,False
CUST_000039,True,0,Positive,1,5.0,5,4.522684271014347,2,False,2,1,5356.825019105184,False
CUST_000040,False,0,No Data,1,4.264533740067052,4,,0,True,0,0,0.0,False
CUST_000041,False,0,No Data,0,,2,,0,False,0,0,0.0,False
CUST_000042,True,2,Positive,0,,15,2.8671056861463935,2,True,2,0,20.583862977929627,False
CUST_000043,False,0,No Data,0,,4,,1,False,0,0,0.0,False
CUST_000044,True,1,Positive,0,,10,4.131056625267081,2,False,1,1,9228.186619178528,False
CUST_000045,True,4,Positive,0,,3,,2,False,1,0,7460.916682117683,False
CUST_000046,True,2,Positive,0,,6,,0,True,0,0,70.07063770283459,False
CUST_000047,True,0,Neutral,0,,6,,1,False,1,0,41.450629119936565,False
CUST_000048,True,4,Positive,0,,5,4.179202599817564,1,False,1,1,14.08246298164557,False
CUST_000049,True,1,Neutral,0,,4,3.8230680389774623,1,False,1,2,227.4652498542116,False
CUST_000050,False,0,No Data,0,,3,,0,False,0,0,0.0,False
CUST_000051,True,2,Positive,1,5.0,3,3.629519173704193,0,False,1,0,6823.8917331066605,False
CUST_000052,True,4,Positive,0,,3,,0,False,0,1,2284.4438013995937,False
CUST_000053,True,3,Negative,0,,6,3.4764057697676165,0,True,0,0,35.09809927065221,False
CUST_000054,True,1,Positive,0,,5,,1,False,1,0,32.30472385927286,False
CUST_000055,True,3,Positive,1,3.1861337621661012,3,3.41550390918673,0,False,2,0,49.216246368356316,False
CUST_000056,True,1,Neutral,0,,4,2.9393710070570895,0,False,0,0,23.69487177145537,False
CUST_000057,True,1,Positive,0,,3,,3,False,0,0,2200.8418620515627,False
CUST_000058,True,0,Neutral,1,3.297570371900089,9,4.309659433724142,0,False,2,0,1157.7601070162784,False
CUST_000059,True,2,Neutral,0,,6,,0,False,0,0,208.45609009035476,False
CUST_000060,True,1,Neutral,0,,8,,1,False,4,1,455.4288454531303,False
CUST_000061,True,0,Positive,0,,4,,1,False,0,1,5.868403505453477,False
CUST_000062,True,1,Neutral,0,,2,,0,False,2,0,18.122462527668095,False
CUST_000063,True,1,Negative,0,,0,3.2900560897639846,1,False,0,0,17091.885742678598,True
CUST_000064,True,3,Negative,1,5.0,0,,0,False,2,0,782.4579104842987,False
CUST_000065,True,1,Neutral,0,,6,,0,False,0,0,2634.776954174772,False
CUST_000066,False,0,No Data,0,,4,3.9418825059387674,1,False,0,0,0.0,False
CUST_000067,True,3,Positive,1,3.089920905121765,10,,0,False,2,0,173.7029007986223,False
CUST_000068,True,1,Negative,0,,5,3.969913482257215,1,False,1,0,3336.3876460171437,False
CUST_000069,True,1,Negative,0,,8,,0,False,0,0,44.092910931525466,False
CUST_000070,True,2,Positive,0,,7,,0,False,1,0,1831.677253088779,False
CUST_000071,True,1,Negative,1,5.0,5,,4,False,1,0,420.4271963642575,False
CUST_000072,True,2,Positive,0,,8,3.5418966752890317,1,True,2,0,5001.195492984372,False
CUST_000073,False,0,No Data,0,,5,,0,False,0,0,0.0,False
CUST_000074,True,1,Neutral,0,,3,,1,False,2,0,463.5043218780404,False
CUST_000075,True,0,Negative,0,,3,,0,False,0,0,283.21744460512525,False
CUST_000076,False,0,No Data,0,,2,,0,False,0,0,0.0,False
CUST_000077,False,0,No Data,1,3.0130936792550598,3,2.997196542951957,0,False,0,0,0.0,False
CUST_000078,False,0,No Data,0,,8,3.9873575324813433,1,True,0,0,0.0,False
CUST_000079,True,4,Negative,1,2.55544672376238,6,5.0,0,False,0,0,2614.7707921890774,False
CUST_000080,True,2,Neutral,0,,3,,0,False,1,0,1153.5901678022778,False
CUST_000081,True,1,Negative,0,,2,4.650749210789396,1,False,0,0,135.3357618598119,False
CUST_000082,True,2,Positive,1,3.4954592024958524,4,,2,False,4,0,27.712123468374177,False
CUST_000083,True,1,Neutral,0,,0,,2,False,0,0,203.651669983383,False
CUST_000084,True,2,Neutral,0,,3,2.3851225395981936,0,False,4,0,199.90197450220862,False
CUST_000085,True,5,Neutral,0,,7,4.2736714077279805,0,True,0,0,213.58402962809896,False
CUST_000086,False,0,No Data,0,,6,4.004979653536085,1,True,0,0,0.0,False
CUST_000087,True,2,Positive,0,,2,,1,False,2,0,336.6012095015345,False
CUST_000088,False,0,No Data,0,,4,3.870664076032411,0,False,0,0,0.0,False
CUST_000089,True,4,Positive,2,1.6787164130914731,8,3.7268101442318535,1,False,0,0,879.6383170773574,False
CUST_000090,True,4,Neutral,1,4.567381996100234,3,4.028034714251768,0,True,2,0,666.1628210090985,False
CUST_000091,True,0,Neutral,0,,4,,1,False,1,0,135.0671933418305,False
CUST_000092,True,3,Neutral,0,,8,,0,True,1,0,315.5942310297338,False
CUST_000093,True,3,Positive,1,2.8790009055808854,4,4.466641547217977,1,False,1,1,6590.023094317553,False
CUST_000094,True,3,Neutral,0,,6,4.402573859089376,1,False,2,0,1713.0543482918793,False
CUST_000095,True,2,Neutral,0,,2,,1,False,3,0,328.1010932883518,False
CUST_000096,False,0,No Data,0,,5,,1,False,0,0,0.0,False
CUST_000097,False,0,No Data,0,,9,2.9178521562121955,0,False,0,0,0.0,False
CUST_000098,False,0,No Data,0,,4,,0,False,0,0,0.0,False
CUST_000099,False,0,No Data,0,,7,,2,False,0,0,0.0,False
CUST_000100,True,1,Neutral,0,,2,,2,False,1,0,10834.665979804622,True
CUST_000101,True,3,Positive,0,,4,5.0,0,False,0,0,758.2913806681847,False
CUST_000102,True,1,Neutral,0,,7,,1,False,0,0,68311.4226078087,True
CUST_000103,True,0,Positive,0,,6,3.471179353082302,2,True,1,0,120.05863172028876,False
CUST_000104,True,2,Negative,0,,7,4.4596797024335935,1,False,0,0,362.2097869527688,False
CUST_000105,True,2,Negative,1,1.1683272662105075,2,3.7989462610821,0,True,0,0,22.671143703355813,False
CUST_000106,False,0,No Data,0,,3,,2,False,0,0,0.0,False
CUST_000107,True,2,Neutral,0,,2,,0,False,1,0,16.751503136860183,False
CUST_000108,True,3,Positive,1,3.824529461756742,3,4.687700185030316,0,True,1,1,2410.187598321525,False
CUST_000109,True,2,Neutral,0,,1,3.5059819214652723,0,True,4,0,2284.402505505698,False
CUST_000110,True,2,Positive,1,3.085590174385954,3,2.819247518876783,0,False,0,2,701.4305498956397,False
CUST_000111,False,0,No Data,1,3.200253406899615,5,4.475511542417278,0,False,0,0,0.0,False
CUST_000112,True,4,Positive,0,,2,4.746294495413049,1,True,0,0,684.4881820636527,False
CUST_000113,False,0,No Data,0,,5,3.389559551786411,1,True,0,0,0.0,False
CUST_000114,True,1,Negative,1,4.79349283702294,2,4.161745346666675,1,False,0,0,405.4525130400894,False
CUST_000115,True,1,Positive,1,4.110690439299294,3,3.541911121308155,0,False,1,0,421.02842823255054,False
CUST_000116,True,3,Negative,0,,6,5.0,1,False,0,0,4027.102992270075,False
CUST_000117,False,0,No Data,0,,5,,0,False,0,0,0.0,False
CUST_000118,True,2,Positive,0,,4,3.851249488213003,0,False,1,0,633.0160904112295,False
CUST_000119,True,7,Neutral,0,,4,3.641832343628138,0,False,0,0,54.53022838743415,False
CUST_000120,True,2,Positive,0,,1,,0,True,2,1,1901.0016607056873,False
CUST_000121,True,3,Neutral,0,,5,,0,False,0,1,1866.4308606218165,False
CUST_000122,True,3,Neutral,0,,5,,2,True,0,0,1132.3965357563543,False
CUST_000123,True,1,Negative,0,,3,,0,True,3,0,423.0927912204589,False
CUST_000124,True,3,Positive,0,,4,,1,False,2,0,209.10245154183724,False
CUST_000125,False,0,No Data,0,,5,5.0,0,False,0,0,0.0,False
CUST_000126,False,0,No Data,0,,4,,1,False,0,0,0.0,False
CUST_000127,True,1,Neutral,0,,5,4.268601422006466,3,True,0,0,717.3752122225937,False
CUST_000128,True,3,Positive,0,,6,4.513679693464103,1,True,0,0,99.67446168756317,False
CUST_000129,True,1,Negative,0,,4,5.0,1,False,2,0,542.9201825688377,False
CUST_000130,True,5,Neutral,0,,4,,1,True,1,0,2479.440723814524,False
CUST_000131,True,0,Positive,0,,4,,1,True,0,0,1998.6468160592558,False
CUST_000132,True,3,Neutral,1,5.0,7,3.6615414047753676,0,True,1,0,238.35974215159032,False
CUST_000133,False,0,No Data,0,,5,,0,False,0,0,0.0,False
CUST_000134,False,0,No Data,0,,4,,5,True,0,0,0.0,False
CUST_000135,False,0,No Data,0,,6,,0,False,0,0,0.0,False
CUST_000136,True,1,Neutral,1,1.5043819416089659,3,3.950616131594986,0,False,1,0,31.88730342246785,False
CUST_000137,True,3,Positive,0,,7,,0,False,0,0,547.4608317632387,False
CUST_000138,True,2,Neutral,0,,6,5.0,0,True,0,0,6648.1583459335625,False
CUST_000139,True,1,Negative,0,,5,4.099985253455507,0,False,1,0,1168.8773987198201,False
CUST_000140,True,2,Positive,0,,1,3.498860608369047,0,False,1,1,5113.16466048968,False
CUST_000141,False,0,No Data,0,,5,3.5341880064414744,2,False,0,0,0.0,False
CUST_000142,True,3,Negative,1,4.099589376531279,7,,0,False,0,0,239.67686785772634,False
CUST_000143,False,0,No Data,0,,2,4.8903995595985315,0,True,0,0,0.0,False
CUST_000144,True,0,Negative,1,2.0637602922499463,3,,1,False,1,0,212.5326087333111,False
CUST_000145,False,0,No Data,0,,2,,1,False,0,0,0.0,False
CUST_000146,True,0,Positive,0,,7,,0,False,1,0,15026.5751451889,True
CUST_000147,True,0,Neutral,0,,6,,0,False,0,0,9015.246351527258,False
CUST_000148,True,0,Neutral,1,2.031604855757485,1,3.6233672630013176,1,False,0,1,1330.8982492350387,False
CUST_000149,True,2,Neutral,0,,7,4.463912052160258,1,False,0,0,254.16964464996175,False
CUST_000150,True,5,Positive,1,2.9572491258886116,6,,1,True,1,0,7862.489808570249,False
CUST_000151,True,3,Positive,0,,6,5.0,1,False,1,0,566.2516048459462,False
CUST_000152,True,3,Neutral,1,2.7281360972064586,6,3.90045356627773,0,False,1,0,551.1412404931903,False
CUST_000153,True,4,Neutral,0,,6,,0,False,1,0,56.769676868812375,False
CUST_000154,True,2,Neutral,0,,6,,0,True,2,1,155.46573566224922,False
CUST_000155,True,3,Positive,0,,7,3.210116987488888,3,True,0,0,24.826663376046092,False
CUST_000156,True,3,Neutral,0,,6,4.3298037439468695,1,True,0,0,283.17538127303055,False
CUST_000157,False,0,No Data,0,,4,4.274343355002034,0,False,0,0,0.0,False
CUST_000158,True,1,Positive,0,,4,4.821246994019985,0,False,1,0,37.17572712194722,False
CUST_000159,False,0,No Data,0,,6,4.1562350120566,1,False,0,0,0.0,False
CUST_000160,True,3,Neutral,1,1.714664104130656,9,,2,True,1,0,105.70317069532778,False
CUST_000161,False,0,No Data,0,,5,4.713481011874673,0,True,0,0,0.0,False
CUST_000162,False,0,No Data,1,1.6499619008509252,9,2.3715878623299425,0,True,0,0,0.0,False
CUST_000163,True,1,Positive,0,,7,,1,False,0,0,700.2649192366703,False
CUST_000164,True,1,Negative,0,,10,5.0,1,False,0,0,22.320045029367776,False
CUST_000165,True,3,Neutral,0,,7,,2,False,0,0,262.561240423573,False
CUST_000166,False,0,No Data,0,,3,4.300744276864112,1,False,0,0,0.0,False
CUST_000167,True,8,Positive,0,,4,,0,False,1,0,901.1155721008209,False
CUST_000168,False,0,No Data,0,,5,,1,False,0,0,0.0,False
CUST_000169,False,0,No Data,0,,5,,0,False,0,0,0.0,False
CUST_000170,False,0,No Data,0,,6,3.9971299009908856,1,False,0,0,0.0,False
CUST_000171,True,4,Positive,0,,2,5.0,0,False,0,2,12685.264347798127,True
CUST_000172,True,0,Negative,1,3.160942233956888,8,3.476137757375582,3,True,1,1,1008.7050125320275,False
CUST_000173,True,1,Negative,0,,3,,2,False,3,2,2402.1549700462615,False
CUST_000174,False,0,No Data,0,,4,2.9919259664962405,0,True,0,0,0.0,False
CUST_000175,True,3,Neutral,0,,3,5.0,0,False,0,0,3778.6186035351016,False
CUST_000176,False,0,No Data,0,,5,4.589297367017778,1,True,0,0,0.0,False
CUST_000177,False,0,No Data,1,2.996962251442883,5,4.219945618964135,2,False,0,0,0.0,False
CUST_000178,True,4,Neutral,0,,8,3.5429517947272458,0,False,2,0,39.063556618418204,False
CUST_000179,True,3,Positive,0,,7,2.9342557127567606,0,False,0,1,13.896260807123056,False
CUST_000180,False,0,No Data,0,,6,,0,True,0,0,0.0,False
CUST_000181,True,3,Neutral,0,,7,3.2929970111491556,0,True,1,0,411.421741994984,False
CUST_000182,True,2,Positive,0,,8,,1,True,0,1,245.86306570324118,False
CUST_000183,True,0,Negative,0,,8,,3,True,1,0,603.1153790072734,False
CUST_000184,True,2,Neutral,2,2.2360486304366365,4,,1,False,1,0,172.00577852617445,False
CUST_000185,True,1,Negative,0,,4,3.0714367039635917,0,False,0,0,134.2335660988558,False
CUST_000186,True,2,Positive,2,5.0,5,3.305439959891905,2,False,0,0,404.3709766744445,False
CUST_000187,True,0,Positive,0,,6,5.0,0,False,2,0,505.81980447911576,False
CUST_000188,True,0,Negative,0,,4,5.0,1,False,0,0,1693.9663814660225,False
CUST_000189,True,2,Negative,0,,1,5.0,0,False,0,0,1826.565923706816,False
CUST_000190,True,5,Positive,1,5.0,1,4.530706983429304,0,False,4,1,573.9348033565838,False
CUST_000191,False,0,No Data,2,3.4646503288538213,4,3.1737534192070167,3,False,0,0,0.0,False
CUST_000192,True,1,Positive,0,,5,,2,False,1,0,13.441366991283406,False
CUST_000193,True,1,Positive,2,1.8383992211400089,5,2.602540857887483,0,False,0,1,469.72730647016857,False
CUST_000194,True,0,Neutral,1,1.8042360506247073,2,4.051638527142909,0,False,1,0,631.1195250988449,False
CUST_000195,True,3,Positive,0,,7,,1,False,1,0,868.747967467592,False
CUST_000196,True,2,Negative,0,,5,,0,True,0,0,3077.0919006860163,False
CUST_000197,True,3,Negative,1,4.437877777416242,4,3.548828669895638,0,False,2,0,69.38160015677975,False
CUST_000198,True,1,Neutral,0,,4,4.075235702864862,1,False,1,0,844.2516654576132,False
CUST_000199,False,0,No Data,0,,6,,0,True,0,0,0.0,False
CUST_000200,True,1,Negative,0,,7,3.503726443308616,1,False,1,3,157.83313941538927,False
CUST_000201,False,0,No Data,0,,4,,0,False,0,0,0.0,False
CUST_000202,True,1,Positive,0,,4,3.2362534342677627,0,False,2,0,179.14870771986486,False
CUST_000203,True,2,Positive,1,2.2829061491725966,1,4.6450106077685565,2,False,2,0,848.9775009908437,False
CUST_000204,True,5,Neutral,0,,7,4.3213699433806045,0,False,1,0,150.36975246442108,False
CUST_000205,False,0,No Data,1,1.1119021082384997,7,3.7916156614425245,0,False,0,0,0.0,False
CUST_000206,True,2,Neutral,0,,4,,0,False,0,0,265.392756258769,False
CUST_000207,True,2,Neutral,0,,4,5.0,1,True,3,0,35.365893808847225,False
CUST_000208,False,0,No Data,1,3.4285717429157256,5,3.1099823734251983,0,False,0,0,0.0,False
CUST_000209,True,0,Neutral,0,,9,3.285822694789666,0,False,2,0,38.852464757752216,False
CUST_000210,True,2,Negative,0,,11,,0,True,1,0,399.396414394406,False
CUST_000211,True,2,Neutral,0,,5,,3,True,1,0,7837.901048812891,False
CUST_000212,True,0,Neutral,0,,8,2.8117595063756946,3,False,0,0,374.4799479748485,False
CUST_000213,True,0,Neutral,0,,7,2.5580238614025053,0,False,2,0,334.1401382809523,False
CUST_000214,True,4,Neutral,1,5.0,3,1.3228992288338652,0,False,0,0,16.59718378010711,False
CUST_000215,True,2,Negative,0,,3,4.011295335242033,2,False,0,0,5854.533505720979,False
CUST_000216,True,2,Neutral,1,2.588680247838028,6,4.1653001906314655,1,False,0,0,584.035767457187,False
CUST_000217,True,2,Positive,1,4.013567318557938,9,,1,False,1,1,32782.29066001742,True
CUST_000218,True,1,Positive,0,,3,,0,False,3,1,15.603965095228096,False
CUST_000219,True,0,Neutral,0,,1,4.606287107905499,1,False,1,0,307.4120133949044,False
CUST_000220,False,0,No Data,0,,5,,0,False,0,0,0.0,False
CUST_000221,True,2,Neutral,0,,4,2.293432900006974,0,True,0,0,1363.7151977553165,False
CUST_000222,True,1,Neutral,1,2.7717467504700712,6,3.592895668407742,0,False,0,0,122.88413160808014,False
CUST_000223,True,3,Neutral,1,4.300758941472653,5,3.755492122089185,0,False,3,0,33.20838772727546,False
CUST_000224,False,0,No Data,1,3.5267298098844133,6,4.215312876990734,0,False,0,0,0.0,False
CUST_000225,True,0,Positive,0,,4,3.5314521820020137,1,False,1,0,224.8768750712986,False
CUST_000226,False,0,No Data,1,5.0,8,5.0,1,True,0,0,0.0,False
CUST_000227,True,2,Negative,0,,7,,0,True,1,0,1017.2977677645893,False
CUST_000228,True,3,Positive,0,,5,4.217184232136259,0,False,5,0,519.7759312369401,False
CUST_000229,True,4,Neutral,0,,4,4.082925282929872,1,False,1,0,446.21688720573565,False
CUST_000230,True,3,Positive,0,,6,,0,True,0,0,2122.229037682353,False
CUST_000231,False,0,No Data,1,2.1953190454307423,3,,1,False,0,0,0.0,False
CUST_000232,True,3,Neutral,0,,4,,0,False,1,2,100.22560710033235,False
CUST_000233,False,0,No Data,0,,5,3.326391962547218,1,False,0,0,0.0,False
CUST_000234,True,1,Neutral,1,4.065093553115187,5,4.817777967278648,1,False,1,1,61.75211383217798,False
CUST_000235,True,1,Positive,0,,8,3.845506607608405,0,False,0,0,1951.577402827848,False
CUST_000236,True,3,Positive,0,,4,3.8833767485782005,1,True,0,1,454.1549415439097,False
CUST_000237,True,4,Neutral,0,,4,3.8424004356483827,1,True,1,0,398.594593550335,False
CUST_000238,True,4,Neutral,0,,3,3.4021328310954986,0,False,1,0,387.65530756063293,False
CUST_000239,True,0,Neutral,1,3.8789471418529495,8,,0,False,0,3,12.768939552467803,False
CUST_000240,False,0,No Data,0,,2,4.247767898117454,1,False,0,0,0.0,False
CUST_000241,True,4,Neutral,0,,8,,1,False,1,1,385.343105163524,False
CUST_000242,True,4,Neutral,3,5.0,7,3.7934371065617665,0,False,0,0,5732.220103056965,False
CUST_000243,True,1,Negative,1,3.973135175645682,3,3.391716670271247,3,False,2,1,2197.5292302001626,False
CUST_000244,True,3,Positive,0,,3,3.696276754304985,3,False,0,0,387.9576530126389,False
CUST_000245,True,1,Positive,1,4.700325501165195,8,,0,False,0,0,15.610862211458988,False
CUST_000246,False,0,No Data,1,4.678850496894809,5,,0,False,0,0,0.0,False
CUST_000247,True,1,Positive,0,,3,3.5233067853102757,0,True,1,1,391.20086862396624,False
CUST_000248,True,2,Positive,0,,3,,0,True,0,0,2892.161940135483,False
CUST_000249,True,1,Positive,0,,4,4.353621564633979,0,False,1,1,6670.3073960640895,False
CUST_000250,True,1,Neutral,0,,5,3.9222284107587373,2,False,0,0,110.78252665278075,False
CUST_000251,False,0,No Data,0,,3,,0,False,0,0,0.0,False
CUST_000252,True,2,Positive,0,,4,,2,False,2,0,10.912045442403253,False
CUST_000253,True,1,Neutral,0,,8,4.410588927858656,0,False,0,1,15.058904907509529,False
CUST_000254,True,3,Neutral,1,1.9321921064829042,3,,0,False,0,0,11.855270351068029,False
CUST_000255,True,2,Neutral,0,,6,,0,False,1,0,227.3008466859161,False
CUST_000256,True,1,Neutral,0,,7,,0,False,0,0,622.6946767206144,False
CUST_000257,True,4,Negative,0,,3,3.865723704231126,0,True,1,0,3974.560276466901,False
CUST_000258,True,2,Positive,0,,6,4.782906338331476,2,False,1,1,3187.1232897939494,False
CUST_000259,False,0,No Data,0,,2,4.409969841574937,0,True,0,0,0.0,False
CUST_000260,True,3,Negative,0,,5,,1,False,0,0,122.74886021502849,False
CUST_000261,True,5,Positive,1,2.1363523338092607,2,4.354220028700033,2,True,0,0,154.3992637001903,False
CUST_000262,True,1,Positive,0,,4,,1,False,1,0,178.06927844836756,False
CUST_000263,False,0,No Data,1,2.559933183914657,4,4.30604242065009,0,False,0,0,0.0,False
CUST_000264,True,3,Positive,0,,4,,0,False,0,0,500.13993430304606,False
CUST_000265,True,2,Negative,0,,4,4.036393059274895,1,True,2,0,812.8456733694574,False
CUST_000266,False,0,No Data,2,3.3191871701413054,4,4.0885274704893035,1,False,0,0,0.0,False
CUST_000267,False,0,No Data,1,5.0,6,2.7290964610818147,2,False,0,0,0.0,False
CUST_000268,True,2,Neutral,0,,9,4.2385783573256575,0,False,0,0,11000.14009773348,True
CUST_000269,True,2,Neutral,1,3.7606104601827752,5,,0,True,3,0,48.17928954994867,False
CUST_000270,True,1,Negative,1,1.6203576432136257,3,,0,False,1,1,4.1670559870577435,False
CUST_000271,True,2,Neutral,1,2.7199947684742374,11,,0,True,2,0,23879.972092221178,True
CUST_000272,True,2,Negative,0,,3,3.356479913741033,0,False,1,0,4628.778731333122,False
CUST_000273,False,0,No Data,1,1.8967978419456402,2,4.413984790963983,0,True,0,0,0.0,False
CUST_000274,True,5,Neutral,1,2.6050005941789753,2,4.099457319766201,2,True,1,0,7126.501358807171,False
CUST_000275,True,2,Neutral,0,,6,,1,False,3,0,34999.666238932914,True
CUST_000276,True,3,Positive,0,,6,4.574635138642672,2,False,0,0,173.76062919542548,False
CUST_000277,False,0,No Data,1,3.57326634728646,5,4.421199285224533,0,False,0,0,0.0,False
CUST_000278,True,1,Positive,0,,7,4.151994262867408,0,False,1,1,148.74188536577506,False
CUST_000279,True,0,Neutral,0,,2,3.9796085391014913,1,True,0,0,83.17499532982207,False
CUST_000280,False,0,No Data,1,5.0,4,,2,False,0,0,0.0,False
CUST_000281,False,0,No Data,1,3.752487971972808,4,,0,False,0,0,0.0,False
CUST_000282,False,0,No Data,0,,10,,2,True,0,0,0.0,False
CUST_000283,True,1,Positive,1,2.243183809347109,8,,0,False,1,0,85463.5079861057,True
CUST_000284,False,0,No Data,1,4.399212259453023,4,2.7512989619840695,0,False,0,0,0.0,False
CUST_000285,True,2,Neutral,0,,9,4.552343159607952,2,False,5,0,5152.803197152507,False
CUST_000286,True,1,Positive,0,,8,,1,False,3,0,312.3485525520433,False
CUST_000287,True,2,Positive,1,3.0255531704080654,2,5.0,1,True,0,0,125.45024733851407,False
CUST_000288,False,0,No Data,0,,8,,0,False,0,0,0.0,False
CUST_000289,False,0,No Data,0,,3,,3,False,0,0,0.0,False
CUST_000290,False,0,No Data,1,1.859169473647388,7,4.619862637337089,1,True,0,0,0.0,False
CUST_000291,True,1,Negative,1,4.28351296393286,7,3.0883859498842776,1,False,0,0,178.5289327661577,False
CUST_000292,True,3,Negative,0,,7,5.0,0,False,0,0,37.73991456580979,False
CUST_000293,True,2,Positive,0,,8,,1,True,1,0,653.8949052646649,False
CUST_000294,True,1,Neutral,0,,5,,0,False,3,0,2090.429042790791,False
CUST_000295,False,0,No Data,1,4.23045846221244,6,5.0,0,False,0,0,0.0,False
CUST_000296,True,1,Neutral,0,,3,4.808807612457431,2,True,0,0,1141.4298082439705,False
CUST_000297,True,2,Neutral,0,,4,4.38253357507177,0,False,1,0,27.12019154543317,False
CUST_000298,True,1,Negative,0,,3,3.803932712024585,1,False,2,0,232.64725609901708,False
CUST_000299,True,1,Negative,0,,2,4.692754198586794,0,False,0,0,28.236068884413974,False
CUST_000300,True,3,Positive,1,1.4585557855538243,2,,0,False,3,1,411.80896799071695,False
CUST_000301,True,3,Neutral,0,,2,,0,False,1,1,496.13026886048044,False
CUST_000302,False,0,No Data,0,,4,4.762112557689033,1,False,0,0,0.0,False
CUST_000303,True,2,Positive,0,,9,3.5675316429385893,0,False,2,0,14114.126846229798,True
CUST_000304,True,1,Positive,0,,3,,0,True,2,0,215.92045216420763,False
CUST_000305,False,0,No Data,0,,4,,0,False,0,0,0.0,False
CUST_000306,True,2,Negative,0,,5,4.5842389566171295,1,True,1,0,5343.250127162856,False
CUST_000307,True,3,Positive,0,,7,4.955554413392463,1,True,1,0,68.71016532268486,False
CUST_000308,False,0,No Data,0,,6,,1,False,0,0,0.0,False
CUST_000309,True,2,Positive,2,4.603766136582188,5,,1,True,2,0,1615.331001827923,False
CUST_000310,True,1,Positive,0,,6,4.949867820508738,0,True,2,0,662.845884360771,False
CUST_000311,False,0,No Data,0,,2,4.872180361056141,1,True,0,0,0.0,False
CUST_000312,True,3,Neutral,0,,6,,1,False,1,0,75.76034069113234,False
CUST_000313,True,1,Neutral,0,,6,4.1746522592177335,0,False,1,0,2614.288852326042,False
CUST_000314,False,0,No Data,0,,8,,1,False,0,0,0.0,False
CUST_000315,True,1,Negative,0,,5,,0,False,2,0,1675.275779891659,False
CUST_000316,False,0,No Data,0,,6,,2,False,0,0,0.0,False
CUST_000317,True,4,Positive,0,,8,,1,False,0,0,124.09175088469546,False
CUST_000318,True,3,Negative,0,,4,,0,False,1,1,42.108450325326714,False
CUST_000319,True,0,Neutral,1,3.0202224006026537,1,4.374096482036146,0,False,2,1,276.7401673640496,False
CUST_000320,True,4,Positive,0,,5,,2,False,0,0,173.4621455851052,False
CUST_000321,False,0,No Data,0,,7,3.6851789261739323,1,True,0,0,0.0,False
CUST_000322,False,0,No Data,0,,9,,2,False,0,0,0.0,False
CUST_000323,False,0,No Data,0,,2,,0,True,0,0,0.0,False
CUST_000324,True,1,Negative,0,,6,4.387087721116065,0,True,1,0,4255.3965508709525,False
CUST_000325,True,2,Negative,0,,6,2.8056032062078162,2,False,0,0,80.89596278991658,False
CUST_000326,True,1,Neutral,0,,3,4.383190493740942,3,True,2,0,1835.7035214194984,False
CUST_000327,True,4,Positive,2,3.9358132190613215,3,3.7839989694513183,0,True,0,0,110.48688405298059,False
CUST_000328,False,0,No Data,0,,2,3.1924058606523587,1,False,0,0,0.0,False
CUST_000329,True,1,Neutral,0,,6,5.0,0,False,1,0,715.444100634084,False
CUST_000330,True,1,Positive,0,,3,,0,False,0,0,1140.1210866439,False
CUST_000331,True,3,Positive,1,4.987263200795039,3,3.9923249822340465,1,False,2,1,96.73172547342168,False
CUST_000332,True,2,Neutral,1,3.677672321062137,4,,1,False,0,0,291.2631815213666,False
CUST_000333,True,1,Positive,0,,4,3.9127084515327337,1,False,1,0,46.489173172579555,False
CUST_000334,False,0,No Data,1,3.480801046385542,4,4.221475593768941,0,False,0,0,0.0,False
CUST_000335,True,2,Positive,0,,7,5.0,0,False,3,1,17.320010215361233,False
CUST_000336,True,2,Positive,0,,8,4.524964129007049,2,False,0,0,906.3190203500508,False
CUST_000337,True,0,Positive,0,,6,,2,True,2,1,1730.2281105413297,False
CUST_000338,False,0,No Data,0,,8,,0,True,0,0,0.0,False
CUST_000339,True,0,Neutral,1,3.508789241368299,4,3.7703086420309826,0,False,2,0,223.23712043078038,False
CUST_000340,False,0,No Data,0,,6,,0,False,0,0,0.0,False
CUST_000341,False,0,No Data,0,,5,3.327707318174896,1,False,0,0,0.0,False
CUST_000342,False,0,No Data,0,,6,4.152379937588164,0,False,0,0,0.0,False
CUST_000343,True,3,Neutral,0,,4,4.604701045138883,3,False,0,1,21.341670571009175,False
CUST_000344,True,1,Positive,0,,1,,0,False,1,0,158.82763686949127,False
CUST_000345,False,0,No Data,0,,4,4.321853947373576,0,False,0,0,0.0,False
CUST_000346,True,3,Positive,0,,3,,2,False,1,0,2054.622536971753,False
CUST_000347,False,0,No Data,1,1.9666354022503936,6,4.557765346693219,2,False,0,0,0.0,False
CUST_000348,True,1,Positive,1,3.068004777856837,5,,1,False,0,0,131.1916068096651,False
CUST_000349,True,2,Neutral,0,,4,4.349786562573354,1,True,0,1,444.54902422888506,False
CUST_000350,True,2,Negative,1,4.033671010027682,3,,2,False,1,1,548.3483532116414,False
CUST_000351,True,4,Neutral,0,,3,4.28084260132773,2,True,0,1,75240.99267109674,True
CUST_000352,True,0,Positive,0,,13,,0,False,1,0,522.9028944890181,False
CUST_000353,True,2,Positive,0,,4,3.6915303021124215,1,False,0,2,1305.8370433733214,False
CUST_000354,True,4,Positive,0,,5,,0,False,2,1,438.45779715386533,False
CUST_000355,True,4,Positive,0,,1,4.447646461847043,1,True,0,0,150.20530512520858,False
CUST_000356,True,4,Positive,0,,3,,0,True,0,0,2780.0301071840795,False
CUST_000357,True,2,Neutral,1,4.088516131419018,3,,0,False,2,0,82.7405258426327,False
CUST_000358,True,2,Positive,0,,5,,2,False,0,1,619.9161525312498,False
CUST_000359,True,1,Positive,0,,2,,0,True,0,0,1494.961196962175,False
CUST_000360,False,0,No Data,1,3.32989189792087,4,3.8860247469826072,0,False,0,0,0.0,False
CUST_000361,True,0,Neutral,1,5.0,2,,1,False,1,0,3243.786881490782,False
CUST_000362,True,2,Negative,0,,7,,0,False,0,0,7470.452727332807,False
CUST_000363,True,2,Negative,0,,3,2.839028828407902,3,False,2,2,379.4144171173542,False
CUST_000364,False,0,No Data,0,,2,,1,True,0,0,0.0,False
CUST_000365,False,0,No Data,0,,4,4.459838616026266,2,False,0,0,0.0,False
CUST_000366,True,1,Neutral,0,,3,4.081406436991588,1,True,0,0,68.60798465708292,False
CUST_000367,True,3,Positive,0,,8,5.0,1,False,1,1,13442.989008902412,True
CUST_000368,False,0,No Data,0,,4,3.1451859793105577,0,True,0,0,0.0,False
CUST_000369,True,1,Negative,0,,1,4.8142786580108465,0,False,0,0,329.7160463208063,False
CUST_000370,True,3,Neutral,0,,6,4.314738790098,2,True,1,0,723.1168044778045,False
CUST_000371,False,0,No Data,0,,3,3.955609029731709,0,False,0,0,0.0,False
CUST_000372,True,1,Negative,0,,5,,0,False,2,0,132.33374286626835,False
CUST_000373,True,5,Positive,1,3.859357662035198,6,3.767035337241272,2,False,1,0,308.24501884788054,False
CUST_000374,True,1,Neutral,0,,4,,0,False,1,1,1939.083979937843,False
CUST_000375,True,0,Neutral,0,,6,,1,False,2,0,41.22095905612001,False
CUST_000376,True,2,Neutral,1,4.457983102145085,9,,1,False,2,0,2090.1170158175782,False
CUST_000377,False,0,No Data,0,,2,3.4454945143371383,1,False,0,0,0.0,False
CUST_000378,True,0,Positive,0,,3,,1,False,3,1,258.8425987758279,False
CUST_000379,True,2,Positive,0,,6,3.456544477542228,0,False,0,1,1416.287585907886,False
CUST_000380,True,1,Negative,0,,7,3.6569195157991925,2,False,2,0,1023.827217997376,False
CUST_000381,True,2,Neutral,0,,9,,4,False,0,1,1583.7690706725389,False
CUST_000382,False,0,No Data,1,3.2164679892653933,6,3.8485619876648833,1,True,0,0,0.0,False
CUST_000383,True,4,Neutral,0,,2,,3,False,1,1,13.227750855453467,False
CUST_000384,True,2,Positive,1,3.3649396858907075,5,4.566334567135276,2,False,1,0,55.54795616912506,False
CUST_000385,True,1,Positive,0,,3,,0,False,0,0,41.34148084804205,False
CUST_000386,True,1,Neutral,1,1.8398126149309404,5,,1,True,0,0,42.8767983246328,False
CUST_000387,True,1,Neutral,0,,1,3.7954089550771806,0,False,2,0,532.1441315764762,False
CUST_000388,True,1,Negative,0,,6,,1,True,2,0,375.9439655600151,False
CUST_000389,False,0,No Data,1,4.404347760579403,4,4.012966570541385,2,False,0,0,0.0,False
CUST_000390,True,1,Negative,1,3.5427137861245823,6,,0,False,2,0,10.39650466679759,False
CUST_000391,False,0,No Data,1,2.2190143056532188,4,3.653683029372555,0,False,0,0,0.0,False
CUST_000392,True,6,Neutral,0,,4,4.5050832003852115,2,False,2,0,7594.0429931578265,False
CUST_000393,False,0,No Data,0,,5,,1,False,0,0,0.0,False
CUST_000394,True,1,Positive,1,3.491790601834055,10,5.0,0,True,0,0,771.5394501543558,False
CUST_000395,False,0,No Data,0,,7,4.926776596858771,0,True,0,0,0.0,False
CUST_000396,False,0,No Data,0,,4,,3,False,0,0,0.0,False
CUST_000397,False,0,No Data,1,3.5976510867363176,6,,1,False,0,0,0.0,False
CUST_000398,True,2,Positive,1,4.3751233898879605,5,,0,False,3,0,342.35440665926495,False
CUST_000399,True,1,Neutral,0,,5,3.583736091442243,0,True,0,0,1316.7262340951463,False
CUST_000400,False,0,No Data,0,,10,4.2864486597320655,1,True,0,0,0.0,False
CUST_000401,True,0,Positive,0,,3,5.0,0,False,0,0,1387.8915178292693,False
CUST_000402,True,3,Neutral,1,4.8850025669589,5,,1,False,2,0,96.20790062546119,False
CUST_000403,False,0,No Data,0,,9,,0,False,0,0,0.0,False
CUST_000404,True,0,Positive,0,,2,3.0797369514606485,0,False,3,0,1416.3963936428033,False
CUST_000405,False,0,No Data,0,,5,,0,False,0,0,0.0,False
CUST_000406,True,1,Negative,0,,6,,0,True,1,0,80.52434584135086,False
CUST_000407,True,5,Negative,0,,3,3.859090223073013,1,False,0,0,3537.6282383215935,False
CUST_000408,True,2,Neutral,1,2.5431336027875004,5,,0,True,1,0,64.21509385057952,False
CUST_000409,True,4,Positive,1,4.672215394184555,2,5.0,0,False,1,0,6250.282211612687,False
CUST_000410,True,1,Positive,0,,6,3.9522201645268913,0,False,0,0,379.1776506080275,False
CUST_000411,True,2,Positive,0,,5,5.0,2,False,2,0,65.11531259304304,False
CUST_000412,True,0,Positive,0,,5,4.2690883105236965,1,False,0,0,192.80691595518212,False
CUST_000413,True,0,Positive,0,,4,,0,False,1,0,48.74873713112424,False
CUST_000414,False,0,No Data,0,,7,,1,False,0,0,0.0,False
CUST_000415,True,1,Neutral,0,,6,2.003490511358012,0,False,0,0,20.043794235678263,False
CUST_000416,True,4,Neutral,0,,4,,1,True,2,1,46.86565151019306,False
CUST_000417,True,4,Positive,0,,2,4.308334665857746,2,True,1,1,52259.028644098034,True
CUST_000418,True,2,Neutral,0,,4,3.347529058128031,0,True,2,0,788.8926847412837,False
CUST_000419,True,2,Positive,1,3.2062496398796174,5,,1,False,1,0,104.14494145530576,False
CUST_000420,True,1,Positive,1,2.10863026121737,6,4.803245322473603,1,True,1,0,14355.334153334898,True
CUST_000421,True,1,Neutral,0,,5,3.751441497150638,0,False,1,0,38.352581939951605,False
CUST_000422,True,3,Negative,0,,6,3.510680531715547,0,False,2,1,1162.8708005325816,False
CUST_000423,True,2,Neutral,0,,7,,1,False,1,0,215.8328411490146,False
CUST_000424,False,0,No Data,0,,7,3.898660862276389,1,True,0,0,0.0,False
CUST_000425,True,6,Positive,0,,6,3.5690671268662864,1,False,0,1,277.70334606600363,False
CUST_000426,True,1,Positive,0,,5,3.822395305329824,0,False,1,0,272.14730137949823,False
CUST_000427,True,0,Neutral,0,,1,3.724081031541045,2,False,0,0,38.52918038238744,False
CUST_000428,False,0,No Data,1,4.989516761056969,3,,0,False,0,0,0.0,False
CUST_000429,True,3,Negative,0,,4,3.7898061625107506,1,False,0,1,65.37414129874001,False
CUST_000430,True,2,Negative,0,,4,4.805501566728596,1,False,1,0,311.21716309120205,False
CUST_000431,True,2,Neutral,1,4.5588949128076415,6,3.849288084355559,1,False,1,1,192.04129909588042,False
CUST_000432,True,1,Neutral,0,,3,3.7101532184275934,2,False,0,0,750.2064927081766,False
CUST_000433,True,3,Positive,0,,6,5.0,0,True,4,0,25.307091617568542,False
CUST_000434,True,3,Positive,0,,4,3.0565090805883073,0,False,0,1,783.5875639991326,False
CUST_000435,False,0,No Data,0,,6,3.9696230525757814,2,False,0,0,0.0,False
CUST_000436,True,3,Positive,0,,9,,0,True,1,1,43.33768468786234,False
CUST_000437,True,0,Neutral,0,,8,,1,True,0,1,11.54913987838017,False
CUST_000438,True,6,Neutral,0,,7,,0,False,1,0,4693.179115864158,False
CUST_000439,True,2,Positive,1,3.904482921306242,5,,2,False,4,1,347.82367749174966,False
CUST_000440,True,3,Negative,0,,1,4.8623682834465125,0,False,1,0,3716.061880003681,False
CUST_000441,True,1,Positive,0,,4,3.3136956445663768,1,False,0,0,613.6777351326177,False
CUST_000442,True,0,Neutral,0,,2,3.01842164921013,2,True,2,0,443.7962873459662,False
CUST_000443,True,0,Positive,0,,8,,0,True,3,0,587.5253041082875,False
CUST_000444,True,2,Neutral,1,2.7418270080365,5,4.0512741365557945,0,False,0,0,146.55558531229218,False
CUST_000445,True,4,Negative,0,,3,,0,False,1,0,13982.50618597939,True
CUST_000446,True,1,Neutral,0,,3,3.247834404364637,1,False,1,0,1810.159865536906,False
CUST_000447,True,4,Neutral,0,,0,5.0,0,True,0,1,420.7086057301848,False
CUST_000448,True,0,Positive,0,,4,2.7587755826027935,2,True,1,0,370.1082772101951,False
CUST_000449,False,0,No Data,0,,4,,1,False,0,0,0.0,False
CUST_000450,False,0,No Data,0,,4,,3,False,0,0,0.0,False
CUST_000451,True,4,Positive,1,5.0,6,,1,False,2,0,43855.468266949705,True
CUST_000452,False,0,No Data,0,,4,,1,False,0,0,0.0,False
CUST_000453,True,1,Neutral,1,4.425248128093533,8,3.7539256484569434,0,False,1,1,26224.256690169776,True
CUST_000454,True,1,Negative,0,,1,4.675766930144577,0,True,0,0,31076.374468817143,True
CUST_000455,False,0,No Data,0,,3,,2,True,0,0,0.0,False
CUST_000456,True,1,Neutral,1,5.0,6,,0,False,0,0,108.51205034174032,False
CUST_000457,True,2,Negative,0,,2,,1,False,3,0,271.54089388869653,False
CUST_000458,True,0,Negative,0,,9,,2,False,3,2,18.49554002831083,False
CUST_000459,True,2,Positive,0,,3,,1,False,0,1,363.28671264846656,False
CUST_000460,True,1,Neutral,0,,8,4.657098971759455,1,False,1,0,877.4329898319273,False
CUST_000461,True,1,Neutral,1,3.9819698914258197,9,,0,False,1,0,1354.13239717856,False
CUST_000462,True,3,Neutral,0,,9,,0,True,0,0,475.74620081056116,False
CUST_000463,True,1,Positive,0,,7,4.523839728261357,1,False,1,0,9629.10495116044,False
CUST_000464,True,2,Negative,1,2.8029259066441776,3,4.709915692432385,0,False,0,0,20.805090250128718,False
CUST_000465,True,5,Neutral,0,,6,,0,True,1,0,621.7033699755765,False
CUST_000466,True,1,Neutral,0,,4,,3,False,2,0,4435.867394170741,False
CUST_000467,True,1,Neutral,1,2.5183319007992044,3,4.730459747081143,1,False,1,0,4810.2346160705,False
CUST_000468,False,0,No Data,0,,5,3.298205808346684,1,False,0,0,0.0,False
CUST_000469,True,3,Negative,0,,3,,0,False,0,1,1201.671803748368,False
CUST_000470,True,3,Neutral,0,,2,,3,True,0,1,169.63458908607325,False
CUST_000471,False,0,No Data,1,4.160505302733374,7,4.320059629765408,1,False,0,0,0.0,False
CUST_000472,True,1,Positive,1,1.5082861045065454,3,,0,False,1,2,42.13426614535104,False
CUST_000473,True,1,Negative,0,,2,2.8255848482185986,1,True,2,0,247.26605183666135,False
CUST_000474,True,1,Positive,0,,6,3.831593220401692,0,False,3,0,244.85830230938404,False
CUST_000475,True,2,Negative,0,,5,3.4915014599760066,1,False,0,0,444.93980605271145,False
CUST_000476,True,3,Positive,0,,3,,0,False,1,0,83.76467597530959,False
CUST_000477,False,0,No Data,0,,4,,1,False,0,0,0.0,False
CUST_000478,True,0,Negative,0,,5,,1,False,3,0,94.3371400105622,False
CUST_000479,False,0,No Data,1,4.087107040101467,4,2.9734558413890553,1,False,0,0,0.0,False
CUST_000480,True,3,Neutral,0,,11,,1,False,0,0,143.39465067607404,False
CUST_000481,True,4,Neutral,1,4.56133306015338,10,4.334329146036511,1,True,0,0,1259.1669202863309,False
CUST_000482,True,4,Neutral,1,1.923831276737804,4,4.1431900025368975,0,False,1,0,18011.548281193533,True
CUST_000483,False,0,No Data,1,5.0,8,,1,True,0,0,0.0,False
CUST_000484,True,5,Neutral,0,,6,2.701679271074898,1,False,1,0,11260.739716169239,True
CUST_000485,True,0,Negative,1,4.298309919934654,3,,1,False,2,0,551.2016156789372,False
CUST_000486,True,3,Negative,0,,5,,0,False,1,0,6763.069453606242,False
CUST_000487,True,2,Positive,0,,3,3.8592539631900387,1,True,1,0,4790.8553145544565,False
CUST_000488,False,0,No Data,0,,3,3.747368672123555,0,True,0,0,0.0,False
CUST_000489,True,0,Negative,0,,4,4.237859989500507,1,False,1,1,272.7108774887017,False
CUST_000490,True,2,Neutral,0,,2,4.051708336936669,0,False,0,0,314.24894915337154,False
CUST_000491,True,2,Neutral,0,,3,,1,False,1,0,254.74936513105345,False
CUST_000492,False,0,No Data,0,,3,,0,False,0,0,0.0,False
CUST_000493,False,0,No Data,0,,2,3.6631346300937597,1,True,0,0,0.0,False
CUST_000494,False,0,No Data,1,2.747604312350293,4,,2,True,0,0,0.0,False
CUST_000495,False,0,No Data,0,,9,4.040304972597054,0,True,0,0,0.0,False
CUST_000496,True,1,Positive,1,4.594752297753207,5,,0,False,0,0,1697.0225178829567,False
CUST_000497,False,0,No Data,0,,5,,4,False,0,0,0.0,False
CUST_000498,True,2,Neutral,0,,8,,1,False,2,1,865.5767337405131,False
CUST_000499,True,2,Negative,0,,2,4.507226653979966,1,False,2,1,8.315729153207648,False
CUST_000500,True,2,Positive,0,,8,3.493914997579806,0,False,2,1,248.51682729300927,False
CUST_000501,True,1,Neutral,0,,4,,1,True,1,0,871.5138698314248,False
CUST_000502,False,0,No Data,0,,0,,1,False,0,0,0.0,False
CUST_000503,True,2,Negative,0,,6,,0,False,1,0,3190.125712159442,False
CUST_000504,True,1,Positive,1,4.1392162708842175,8,,1,False,1,1,263.6776423845706,False
CUST_000505,True,1,Negative,0,,6,3.348568481736959,1,False,2,2,8.55637218554304,False
CUST_000506,True,2,Positive,0,,4,,1,False,2,1,1549.0267969387342,False
CUST_000507,True,1,Neutral,0,,7,,1,False,1,0,514.9478784136999,False
CUST_000508,False,0,No Data,0,,6,,0,True,0,0,0.0,False
CUST_000509,False,0,No Data,0,,2,3.795823713027316,3,True,0,0,0.0,False
CUST_000510,True,3,Neutral,0,,6,3.750225826376709,0,False,0,0,1530.9207195801055,False
CUST_000511,False,0,No Data,0,,3,,0,False,0,0,0.0,False
CUST_000512,True,1,Neutral,0,,2,,0,True,1,1,5408.335574374227,False
CUST_000513,True,0,Neutral,0,,3,3.4596926934947336,0,False,0,1,25.15433384247561,False
CUST_000514,False,0,No Data,0,,5,,1,True,0,0,0.0,False
CUST_000515,True,3,Neutral,0,,3,5.0,0,False,2,1,2268.201703156348,False
CUST_000516,False,0,No Data,0,,5,,2,True,0,0,0.0,False
CUST_000517,False,0,No Data,1,5.0,6,5.0,0,True,0,0,0.0,False
CUST_000518,True,2,Negative,0,,2,5.0,1,False,0,0,4.654472183737289,False
CUST_000519,True,3,Neutral,1,2.871093156597912,10,,2,False,1,1,629.0408397197394,False
CUST_000520,True,0,Neutral,0,,6,3.4522608918397717,1,False,1,0,26.696340757593497,False
CUST_000521,True,3,Neutral,0,,5,3.7955419616915913,1,False,2,0,260.6266204547497,False
CUST_000522,True,2,Neutral,1,1.8969214511825256,10,4.202515556342663,2,False,0,0,280.41595670201775,False
CUST_000523,True,2,Positive,0,,6,5.0,0,False,2,1,27.8405583665369,False
CUST_000524,False,0,No Data,0,,7,3.0340427459014006,0,False,0,0,0.0,False
CUST_000525,True,0,Negative,0,,1,,0,False,1,0,135.97123836849053,False
CUST_000526,True,5,Positive,0,,7,,1,False,1,1,248.9295393959601,False
CUST_000527,True,2,Neutral,0,,7,4.653935105553505,0,False,1,0,44.12963317987621,False
CUST_000528,False,0,No Data,0,,6,,1,False,0,0,0.0,False
CUST_000529,True,4,Neutral,0,,5,,2,False,2,0,13414.237747457806,True
CUST_000530,True,2,Neutral,0,,9,4.958386584368065,0,False,2,0,639.6170875805976,False
CUST_000531,True,3,Negative,0,,7,5.0,2,False,1,0,1431.7744477785632,False
CUST_000532,True,1,Neutral,0,,3,2.864779080434327,1,False,1,0,17.362751100441155,False
CUST_000533,True,5,Positive,1,4.728252531373086,3,,1,False,2,0,26.018727117367288,False
CUST_000534,True,1,Negative,0,,5,4.160711123241607,0,True,0,0,57.984447051860876,False
CUST_000535,True,4,Negative,0,,4,3.274607661205143,2,False,1,0,34.18418938692186,False
CUST_000536,False,0,No Data,0,,6,3.9046586611389786,0,False,0,0,0.0,False
CUST_000537,True,2,Neutral,1,4.499448401215836,5,3.545987461057925,1,True,3,1,70.01057798746247,False
CUST_000538,True,4,Negative,0,,3,2.4647882340459093,0,False,2,1,375.4118319999271,False
CUST_000539,True,1,Negative,1,1.7975790620804055,2,,1,False,2,0,60.3870860304108,False
CUST_000540,True,0,Negative,2,3.2209595714076746,2,3.233755541103828,0,False,2,0,12579.781124807609,True
CUST_000541,True,4,Positive,1,4.135763308382845,5,,2,True,0,0,193.8507662283579,False
CUST_000542,True,1,Neutral,0,,6,,1,False,0,0,603.6488036782187,False
CUST_000543,True,2,Positive,0,,2,4.2788547139116275,0,False,1,2,1793.6499071485407,False
CUST_000544,False,0,No Data,1,1.0,11,,2,False,0,0,0.0,False
CUST_000545,False,0,No Data,1,2.7842446866021926,6,3.1180445272214072,0,True,0,0,0.0,False
CUST_000546,True,5,Positive,0,,3,3.5128644625104384,1,True,0,0,130.44292283575288,False
CUST_000547,True,2,Positive,0,,4,,0,True,1,0,317.3993897427567,False
CUST_000548,False,0,No Data,0,,5,,0,False,0,0,0.0,False
CUST_000549,True,1,Neutral,2,4.023547857897579,6,,1,False,2,0,3.527380026805045,False
CUST_000550,True,0,Negative,0,,3,2.5260533656617135,1,True,2,1,57.63863377927916,False
CUST_000551,True,2,Neutral,1,3.6131408387910584,0,3.8787649843047833,1,False,2,1,22.90470111415632,False
CUST_000552,False,0,No Data,0,,6,2.2288842763680154,0,True,0,0,0.0,False
CUST_000553,True,2,Neutral,0,,6,4.189069495806942,1,False,2,0,6.861059463922054,False
CUST_000554,False,0,No Data,0,,7,3.8964648771111365,1,True,0,0,0.0,False
CUST_000555,True,2,Positive,1,3.2944426276180026,3,,0,False,2,0,143.6241776439467,False
CUST_000556,True,1,Positive,0,,5,,1,True,1,1,285.6960253807149,False
CUST_000557,True,0,Neutral,0,,9,3.953136434687739,1,False,0,0,2.806819106468975,False
CUST_000558,True,0,Neutral,1,3.9557204466997034,5,3.7239461140979664,2,True,0,0,715.4502272924518,False
CUST_000559,True,0,Neutral,0,,5,4.343703453181367,0,False,1,0,8241.951829707587,False
CUST_000560,True,2,Neutral,0,,4,4.372259038933882,1,True,4,0,42.630543284073575,False
CUST_000561,False,0,No Data,0,,6,2.6023257859188433,1,False,0,0,0.0,False
CUST_000562,False,0,No Data,0,,6,,1,True,0,0,0.0,False
CUST_000563,True,2,Neutral,1,3.5384768248246217,3,,1,False,2,3,74.50411589351435,False
CUST_000564,True,1,Negative,1,3.123914861283378,8,3.760763507449314,0,False,1,1,1207.2244207894207,False
CUST_000565,False,0,No Data,0,,5,,0,False,0,0,0.0,False
CUST_000566,True,1,Neutral,0,,3,4.599289937800339,1,False,0,0,12138.878161020433,True
CUST_000567,True,3,Negative,0,,4,4.109157329372048,1,False,0,0,23.67618490589732,False
CUST_000568,True,3,Positive,0,,3,,0,True,0,0,7567.05004099924,False
CUST_000569,True,2,Positive,1,3.2419893345704796,12,3.5610802000136763,0,False,0,0,3.0538153235747965,False
CUST_000570,True,1,Positive,0,,6,3.471118950834427,1,False,1,0,129.39405052055122,False
CUST_000571,True,1,Negative,0,,4,3.8086789699519983,0,True,0,0,338.84092497680626,False
CUST_000572,True,2,Positive,0,,7,4.243216584049179,0,False,0,0,407.05654050797204,False
CUST_000573,True,1,Neutral,1,2.602159912029966,4,3.8417626796137903,2,False,0,1,6.525078756849177,False
CUST_000574,True,1,Positive,0,,4,3.2453019544209742,0,False,1,0,93.08413969549449,False
CUST_000575,True,1,Neutral,0,,5,,1,False,1,1,385.19468117723596,False
CUST_000576,True,2,Neutral,0,,10,2.763262497900468,0,False,0,1,131.0063921189569,False
CUST_000577,False,0,No Data,0,,6,,0,True,0,0,0.0,False
CUST_000578,False,0,No Data,0,,4,3.033390527478078,0,True,0,0,0.0,False
CUST_000579,True,1,Neutral,2,4.101139702105981,3,,0,False,3,0,3265.396957135069,False
CUST_000580,True,1,Positive,1,5.0,2,,1,False,0,0,130.5898170395004,False
CUST_000581,True,3,Positive,4,1.004048125173135,6,4.010178655813557,0,True,0,0,1803.5371904020992,False
CUST_000582,False,0,No Data,0,,2,2.9768149143512534,1,False,0,0,0.0,False
CUST_000583,False,0,No Data,2,4.2190987581596655,1,,0,True,0,0,0.0,False
CUST_000584,True,4,Neutral,1,4.239427272461358,3,4.003218982847919,2,False,1,1,881.8492510359561,False
CUST_000585,False,0,No Data,0,,4,4.25893728349282,2,False,0,0,0.0,False
CUST_000586,True,2,Neutral,0,,6,,1,False,0,0,16.88458164702163,False
CUST_000587,True,2,Positive,0,,5,,0,True,0,1,1947.366440779478,False
CUST_000588,True,3,Neutral,0,,3,,0,False,1,0,646.1479595255681,False
CUST_000589,True,0,Positive,0,,9,,0,False,0,0,570.4885303357516,False
CUST_000590,True,2,Neutral,0,,4,4.696174986829472,1,False,1,0,1971.3974040923204,False
CUST_000591,True,0,Positive,0,,2,,0,False,1,0,375.18927661158983,False
CUST_000592,True,2,Negative,0,,4,4.990387007874205,0,False,0,0,4.5442641961694985,False
CUST_000593,True,1,Positive,0,,3,,1,False,0,2,2533.610170119649,False
CUST_000594,True,3,Neutral,0,,3,,3,False,1,0,31985.932064290875,True
CUST_000595,True,4,Positive,0,,6,,0,True,1,0,285.80584194389473,False
CUST_000596,True,0,Positive,0,,4,,0,True,1,0,10.026015952996262,False
CUST_000597,True,2,Neutral,0,,5,,1,False,0,0,4711.780334382013,False
CUST_000598,True,6,Neutral,0,,4,,0,False,0,1,206.19610002165007,False
CUST_000599,True,4,Negative,0,,4,,1,False,2,1,3535.8905340756187,False
CUST_000600,True,1,Neutral,0,,6,,0,False,0,0,254.9503182980141,False
CUST_000601,True,1,Neutral,1,5.0,6,4.580377917327942,2,False,2,0,227.62840539949744,False
CUST_000602,True,3,Positive,0,,3,4.1839214880930236,1,False,1,0,11.86839797747459,False
CUST_000603,False,0,No Data,0,,5,,0,True,0,0,0.0,False
CUST_000604,True,5,Negative,0,,2,,0,False,0,0,21.76319516944724,False
CUST_000605,True,2,Neutral,0,,6,,1,False,0,0,146.23316051525202,False
CUST_000606,True,3,Positive,1,3.5550286404216807,4,3.793375494894863,0,False,1,0,1627.6636212892315,False
CUST_000607,False,0,No Data,0,,6,,0,False,0,0,0.0,False
CUST_000608,True,3,Neutral,1,5.0,3,,0,True,2,1,56.989184825683296,False
CUST_000609,True,1,Negative,0,,4,4.574613788436028,0,True,3,1,269.1774971656899,False
CUST_000610,True,2,Neutral,0,,7,3.030253928526918,0,False,1,0,393.624875195097,False
CUST_000611,True,0,Positive,0,,7,4.207773183640445,3,False,2,0,43.07570957603873,False
CUST_000612,False,0,No Data,1,5.0,2,,2,False,0,0,0.0,False
CUST_000613,True,3,Negative,0,,1,3.1709951062648543,1,False,1,1,37.87971604803661,False
CUST_000614,True,0,Negative,0,,10,4.195181490334165,1,False,0,0,1143.5727496915883,False
CUST_000615,True,4,Neutral,0,,2,3.5555956752734668,1,False,0,1,700.9247209182635,False
CUST_000616,True,3,Positive,0,,4,4.295282729183293,1,False,1,0,3655.1076287213505,False
CUST_000617,True,1,Neutral,0,,7,,1,False,0,0,18825.573409915298,True
CUST_000618,True,2,Neutral,0,,4,4.735442727714407,3,True,2,0,30095.47154809691,True
CUST_000619,True,2,Neutral,0,,9,,2,True,1,0,115.68206872201269,False
CUST_000620,False,0,No Data,0,,4,,0,True,0,0,0.0,False
CUST_000621,True,1,Negative,0,,6,,1,False,0,1,892.527241372629,False
CUST_000622,True,2,Positive,1,2.127456207472072,3,3.813364423022932,0,True,1,1,121.41763028900927,False
CUST_000623,True,2,Positive,0,,4,5.0,1,True,1,0,344.61925397665806,False
CUST_000624,True,2,Positive,0,,5,,0,False,1,0,42.6944245387033,False
CUST_000625,True,2,Neutral,0,,6,3.7501601841364622,1,False,1,0,989.7203059779712,False
CUST_000626,False,0,No Data,0,,4,,0,False,0,0,0.0,False
CUST_000627,True,3,Neutral,0,,4,2.986452178596478,0,False,1,0,165.13669602897775,False
CUST_000628,True,2,Neutral,0,,4,3.995551789809723,0,False,0,0,2326.8456506859266,False
CUST_000629,True,0,Neutral,0,,6,5.0,0,True,1,0,10.144589640255196,False
CUST_000630,True,0,Positive,0,,12,,0,False,0,1,569.3891853528969,False
CUST_000631,True,6,Positive,1,4.510832037573374,3,,1,False,1,1,666.9895709933704,False
CUST_000632,False,0,No Data,0,,3,4.536632089358117,0,False,0,0,0.0,False
CUST_000633,True,2,Negative,0,,4,4.739196838157666,1,False,1,0,12.365827799095714,False
CUST_000634,False,0,No Data,0,,4,,1,False,0,0,0.0,False
CUST_000635,False,0,No Data,1,3.420335163665398,5,,1,False,0,0,0.0,False
CUST_000636,True,2,Neutral,0,,5,4.615884673951173,2,False,0,1,1167.0341367588082,False
CUST_000637,True,1,Neutral,0,,6,3.8970832000842215,1,False,1,0,205.21864710825787,False
CUST_000638,True,2,Positive,0,,5,2.9075711800467445,0,False,2,0,7625.764696146506,False
CUST_000639,True,4,Positive,2,4.512730692902755,3,,0,False,1,0,44006.146935688994,True
CUST_000640,False,0,No Data,0,,4,,4,False,0,0,0.0,False
CUST_000641,True,2,Positive,0,,9,2.9451888513441213,0,False,0,0,71.82546810400122,False
CUST_000642,False,0,No Data,0,,1,,1,False,0,0,0.0,False
CUST_000643,True,2,Negative,0,,5,,0,True,2,0,176.3000401531093,False
CUST_000644,True,4,Positive,0,,9,,2,False,1,1,546.7387060706257,False
CUST_000645,True,4,Positive,1,3.924402319206039,9,3.4157851615452266,1,True,1,0,105.15369091871713,False
CUST_000646,True,3,Neutral,1,5.0,5,,2,False,0,0,50.38037768549342,False
CUST_000647,True,1,Positive,0,,4,4.286699215950215,1,False,1,0,11556.647980024718,True
CUST_000648,False,0,No Data,1,3.1066332606441245,5,4.780609680128438,2,False,0,0,0.0,False
CUST_000649,True,2,Neutral,0,,5,,1,False,0,0,638.2732021698687,False
CUST_000650,True,2,Neutral,0,,7,3.231839753684123,0,False,3,1,25455.88926662104,True
CUST_000651,False,0,No Data,1,1.3646495320943846,5,3.9295846836622075,1,False,0,0,0.0,False
CUST_000652,True,2,Negative,0,,3,2.7150508275863814,1,True,0,0,1180.9821784078586,False
CUST_000653,True,1,Neutral,1,2.7242855680936287,5,2.8593399718564876,1,False,0,0,1729.2178565377023,False
CUST_000654,True,4,Neutral,1,4.282878076201718,3,3.2152891506145607,2,False,1,0,1430.753382731554,False
CUST_000655,False,0,No Data,0,,4,3.9516450619016474,2,False,0,0,0.0,False
CUST_000656,False,0,No Data,0,,3,4.554545687322317,0,True,0,0,0.0,False
CUST_000657,True,4,Neutral,0,,2,4.634648425856787,0,True,0,1,201.4979313937877,False
CUST_000658,True,2,Positive,0,,4,,0,False,2,0,184.9882898805632,False
CUST_000659,True,2,Negative,0,,2,4.222794381449617,0,False,4,0,7477.678728599467,False
CUST_000660,False,0,No Data,0,,2,4.1199174054051815,1,False,0,0,0.0,False
CUST_000661,True,1,Neutral,0,,7,4.050538641559884,1,False,3,0,501.4495816717249,False
CUST_000662,False,0,No Data,0,,2,3.735899744668367,0,False,0,0,0.0,False
CUST_000663,True,0,Negative,0,,5,,0,True,2,0,590.3466381581321,False
CUST_000664,True,2,Neutral,0,,9,,0,True,1,1,1721.9628568481062,False
CUST_000665,False,0,No Data,1,3.3587540900926287,3,4.297670740399781,1,False,0,0,0.0,False
CUST_000666,True,7,Positive,0,,5,,0,False,2,2,5891.355858997348,False
CUST_000667,False,0,No Data,1,2.7196645862363646,8,4.094231385689497,1,False,0,0,0.0,False
CUST_000668,True,1,Positive,0,,7,3.5903387442496673,1,False,3,0,169.87223652676556,False
CUST_000669,True,4,Neutral,1,4.167925316205909,4,,1,True,0,0,291.5865298515081,False
CUST_000670,True,0,Neutral,1,3.7931436111116783,4,,1,False,0,1,4985.558528642497,False
CUST_000671,True,4,Positive,0,,7,,3,False,0,1,11.3905615077794,False
CUST_000672,True,3,Positive,1,2.1968100587985813,5,3.0367874367107364,0,False,0,1,526.4470849947922,False
CUST_000673,False,0,No Data,1,3.4963481923529143,4,4.062341968169851,1,False,0,0,0.0,False
CUST_000674,True,2,Neutral,0,,6,2.9523945278417667,0,True,1,2,129.14202889204807,False
CUST_000675,True,2,Positive,0,,6,3.6694571746936635,1,False,5,0,61.17597803371668,False
CUST_000676,False,0,No Data,0,,2,3.862981340350229,1,False,0,0,0.0,False
CUST_000677,False,0,No Data,0,,5,2.762740587584103,1,False,0,0,0.0,False
CUST_000678,True,2,Neutral,1,2.7324761661376167,6,3.5362800954989813,1,True,3,0,1662.7794528153192,False
CUST_000679,True,3,Neutral,0,,5,4.301180758798604,2,False,0,1,336.0645342396805,False
CUST_000680,True,3,Positive,3,2.0392527335469026,2,3.225327873874896,1,True,2,0,21.698732220740983,False
CUST_000681,False,0,No Data,0,,2,3.497983404665376,1,True,0,0,0.0,False
CUST_000682,True,0,Negative,0,,6,4.882702989804789,0,False,0,1,2424.9627229259872,False
CUST_000683,True,1,Negative,1,3.396440374875808,6,,3,False,0,0,6611.426551972034,False
CUST_000684,False,0,No Data,0,,8,4.284456480785407,1,False,0,0,0.0,False
CUST_000685,True,1,Negative,0,,2,,0,False,1,0,1315.618981997959,False
CUST_000686,True,1,Negative,1,3.6914742192868517,5,,0,False,0,2,13.375755996095558,False
CUST_000687,True,1,Negative,0,,3,4.306700365862675,0,False,1,0,589.3056074305721,False
CUST_000688,False,0,No Data,1,3.5336650910095346,5,4.934594374820334,0,False,0,0,0.0,False
CUST_000689,True,1,Positive,0,,11,,2,False,0,0,5.695092294794603,False
CUST_000690,False,0,No Data,0,,5,3.5265862050444166,0,False,0,0,0.0,False
CUST_000691,True,2,Neutral,1,2.8106047799690757,6,4.058167674651561,1,False,1,0,114.8559508875369,False
CUST_000692,True,4,Neutral,0,,3,,1,False,1,0,109.53326397394663,False
CUST_000693,True,3,Neutral,0,,5,,1,False,2,0,19251.681622413274,True
CUST_000694,True,0,Positive,0,,4,4.129744459571824,4,False,0,1,37.23346657395297,False
CUST_000695,True,1,Positive,1,2.5007776302382316,7,4.37866529949173,0,False,0,1,105.80904297531777,False
CUST_000696,True,1,Negative,0,,5,4.438478756707882,1,False,0,0,298.57169844126423,False
CUST_000697,True,2,Negative,0,,5,,3,True,2,0,189.44909051611103,False
CUST_000698,False,0,No Data,0,,7,,2,False,0,0,0.0,False
CUST_000699,True,0,Neutral,0,,4,3.214443211829108,1,False,1,0,1174.1392350283525,False
CUST_000700,True,0,Positive,0,,5,,0,False,0,1,125.15081769466747,False
CUST_000701,False,0,No Data,2,3.214185768608051,5,,0,False,0,0,0.0,False
CUST_000702,True,2,Neutral,0,,7,4.302713361685947,1,False,1,0,11.60888916239819,False
CUST_000703,False,0,No Data,0,,3,3.3191499508250804,0,False,0,0,0.0,False
CUST_000704,True,0,Positive,0,,7,3.8242240755010677,0,True,1,2,90.09964549027795,False
CUST_000705,False,0,No Data,1,5.0,4,3.2875363084966267,0,False,0,0,0.0,False
CUST_000706,True,2,Neutral,0,,2,,1,False,1,0,3532.3418216936075,False
CUST_000707,True,1,Positive,2,2.1083493996552294,6,3.7513808223252876,1,False,1,0,114.16047746720632,False
CUST_000708,True,1,Negative,1,2.9090152791523445,7,3.3610520147441862,1,False,1,0,47.18771788608375,False
CUST_000709,True,4,Positive,0,,7,4.7982949728048405,1,False,1,0,367.59936964191985,False
CUST_000710,True,3,Positive,0,,6,,1,True,1,0,713.7640133228009,False
CUST_000711,False,0,No Data,0,,6,4.782300203155194,0,True,0,0,0.0,False
CUST_000712,True,3,Neutral,0,,5,3.3573787323142588,0,False,0,0,162.69282137665587,False
CUST_000713,True,0,Positive,0,,4,,0,False,2,0,120.57594144819475,False
CUST_000714,True,3,Negative,0,,5,,2,True,0,0,891.2873612795547,False
CUST_000715,True,1,Negative,0,,3,,1,False,3,1,3408.6363002684407,False
CUST_000716,False,0,No Data,0,,6,,1,False,0,0,0.0,False
CUST_000717,True,2,Negative,0,,9,3.7745277992941584,0,False,5,0,193.35759129898156,False
CUST_000718,True,4,Neutral,1,3.8041775616188596,2,,1,False,2,0,55.56380782810818,False
CUST_000719,True,1,Neutral,0,,7,,1,True,0,0,11.382951663045201,False
CUST_000720,False,0,No Data,0,,5,4.1153962435394735,1,True,0,0,0.0,False
CUST_000721,True,0,Negative,0,,2,,1,True,0,0,167.20445287174454,False
CUST_000722,False,0,No Data,0,,11,4.237575810483024,0,False,0,0,0.0,False
CUST_000723,True,1,Positive,0,,2,4.109414226490597,1,True,0,0,134.9613078596027,False
CUST_000724,True,1,Neutral,0,,4,4.287267497729983,0,True,1,0,52.817175276201446,False
CUST_000725,False,0,No Data,0,,6,,1,True,0,0,0.0,False
CUST_000726,False,0,No Data,0,,5,4.705896207792419,0,False,0,0,0.0,False
CUST_000727,True,0,Positive,0,,5,,1,False,1,0,9.988281641239746,False
CUST_000728,True,3,Positive,0,,4,3.8121552477585436,0,True,1,0,387.7999293237375,False
CUST_000729,True,1,Neutral,0,,2,2.3693658126016652,0,False,0,0,1788.9030337232127,False
CUST_000730,True,2,Positive,0,,2,4.120507510251775,1,True,0,0,34.24927786318649,False
CUST_000731,True,1,Neutral,0,,4,4.907910840859332,0,False,1,1,741.5578225456874,False
CUST_000732,True,1,Negative,1,4.171232616141818,6,,1,False,1,0,4412.77446145954,False
CUST_000733,True,4,Neutral,0,,4,3.4715668460062985,0,False,0,0,72.10071894219483,False
CUST_000734,True,1,Positive,0,,4,4.1572113705010345,2,False,3,0,351.81618174375654,False
CUST_000735,True,4,Positive,0,,6,,0,False,0,0,131.25687011134414,False
CUST_000736,True,2,Neutral,1,2.5501721930054826,5,3.975227347480884,2,False,1,0,375.68061788421284,False
CUST_000737,True,0,Neutral,0,,7,4.4429735385395945,2,False,0,0,28.756904966827985,False
CUST_000738,True,4,Positive,0,,4,3.102879265844219,0,False,0,0,57.15852496321894,False
CUST_000739,True,5,Positive,0,,3,,5,False,0,1,2828.939961969106,False
CUST_000740,False,0,No Data,0,,2,3.87279337998867,1,True,0,0,0.0,False
CUST_000741,True,6,Neutral,1,3.8316319860589596,9,3.5135809793801607,1,False,0,0,265.7099934593269,False
CUST_000742,True,2,Positive,0,,3,3.7997878020949547,2,False,0,0,157.91943687939934,False
CUST_000743,False,0,No Data,0,,5,,3,False,0,0,0.0,False
CUST_000744,True,2,Negative,0,,4,,2,False,1,0,9.648334756633272,False
CUST_000745,True,1,Positive,0,,2,4.142644626704501,0,True,1,0,799.5884475431136,False
CUST_000746,True,3,Neutral,1,3.7848825183842756,3,3.2489627832452532,2,False,0,0,46.54854515963508,False
CUST_000747,True,1,Negative,0,,1,4.585963475143364,0,False,3,0,202.13414415519438,False
CUST_000748,True,2,Negative,0,,5,,0,False,1,0,494.5415035299805,False
CUST_000749,True,3,Neutral,0,,7,,0,False,0,1,189.99815134893157,False
CUST_000750,True,3,Negative,1,3.3598211739403347,9,5.0,0,False,0,0,450.2067830688454,False
CUST_000751,True,1,Positive,0,,11,4.709628272457026,0,True,0,0,105.5674491704207,False
CUST_000752,True,1,Positive,0,,4,5.0,0,False,0,0,13.459225215443064,False
CUST_000753,True,1,Neutral,0,,3,4.752704491917472,3,True,1,0,212.8699189320269,False
CUST_000754,True,2,Positive,1,1.3310730423024486,4,,1,False,1,1,384.02341227517854,False
CUST_000755,True,1,Neutral,1,1.8671676421100134,8,3.046807771021701,0,True,2,0,33.39742687506624,False
CUST_000756,False,0,No Data,0,,3,,0,False,0,0,0.0,False
CUST_000757,True,2,Positive,1,4.26015096901433,2,3.9844100184850175,0,True,1,0,508.5649772024238,False
CUST_000758,True,1,Neutral,0,,3,,0,False,1,0,290.687535630679,False
CUST_000759,True,4,Neutral,0,,6,3.683038388591679,0,True,0,0,1499.744538638062,False
CUST_000760,False,0,No Data,2,3.831210055169768,4,3.1094868247798,0,False,0,0,0.0,False
CUST_000761,False,0,No Data,0,,2,3.8499240179384695,2,False,0,0,0.0,False
CUST_000762,False,0,No Data,1,1.0931796851691677,7,4.565878814326574,1,False,0,0,0.0,False
CUST_000763,False,0,No Data,0,,4,,2,False,0,0,0.0,False
CUST_000764,False,0,No Data,0,,12,,0,False,0,0,0.0,False
CUST_000765,True,1,Neutral,0,,6,3.4147321583529533,0,False,2,1,89.11789873205092,False
CUST_000766,True,1,Negative,0,,4,4.377130271116671,0,False,1,1,108.0767863531859,False
CUST_000767,True,1,Neutral,0,,4,,0,True,0,1,1500.3325851063144,False
CUST_000768,False,0,No Data,1,4.7993219763059765,4,5.0,1,False,0,0,0.0,False
CUST_000769,True,2,Negative,1,3.8240871504629554,6,,2,False,2,0,18136.670596428117,True
CUST_000770,True,1,Positive,1,3.6034233689139485,6,,3,False,0,0,857.2797104211672,False
CUST_000771,False,0,No Data,0,,5,4.223413724289787,0,True,0,0,0.0,False
CUST_000772,True,1,Neutral,0,,8,4.488310366690704,0,True,2,0,37.681814539414525,False
CUST_000773,True,6,Positive,0,,8,4.188197556698268,0,False,0,0,186666.41028587607,True
CUST_000774,True,3,Positive,0,,6,4.722024677755825,1,True,0,1,1308.510097236774,False
CUST_000775,False,0,No Data,0,,1,3.4020080257611642,0,False,0,0,0.0,False
CUST_000776,True,2,Neutral,0,,8,4.446998460235354,1,False,0,1,680.07803863418,False
CUST_000777,False,0,No Data,0,,4,2.179462307205096,2,False,0,0,0.0,False
CUST_000778,True,3,Positive,1,2.253907495312265,3,2.9444408323059426,0,False,2,0,2626.1731593608038,False
CUST_000779,True,3,Negative,0,,7,,0,False,0,0,3.945760540054714,False
CUST_000780,False,0,No Data,0,,8,4.503748828083356,1,False,0,0,0.0,False
CUST_000781,False,0,No Data,1,4.777346077927211,3,4.7471206533434955,0,True,0,0,0.0,False
CUST_000782,False,0,No Data,0,,4,,3,True,0,0,0.0,False
CUST_000783,False,0,No Data,0,,3,3.5451693535984643,1,False,0,0,0.0,False
CUST_000784,False,0,No Data,0,,4,,2,False,0,0,0.0,False
CUST_000785,True,3,Neutral,1,4.061677702741187,6,4.046733505539265,0,False,0,0,4648.495904786255,False
CUST_000786,True,1,Positive,1,4.609029207950722,5,4.62229152104108,1,True,1,1,1642.7763556078735,False
CUST_000787,True,3,Positive,0,,7,,0,False,1,0,14750.579970361994,True
CUST_000788,True,3,Positive,0,,5,,0,False,1,1,250.85845770771783,False
CUST_000789,False,0,No Data,0,,7,4.55885327863774,1,False,0,0,0.0,False
CUST_000790,True,1,Neutral,0,,6,4.39449766240425,1,False,1,0,2055.0538730247126,False
CUST_000791,True,1,Neutral,0,,4,,0,False,2,0,11.621375142610024,False
CUST_000792,False,0,No Data,1,2.2027213516917143,5,2.9649136066085715,0,False,0,0,0.0,False
CUST_000793,True,2,Positive,0,,7,3.57421200246581,1,False,0,1,3.539083347718221,False
CUST_000794,True,1,Negative,1,5.0,3,,0,False,0,0,0.5543233971481347,False
CUST_000795,True,3,Neutral,0,,2,,2,False,0,0,1000.269863666504,False
CUST_000796,False,0,No Data,0,,8,,1,False,0,0,0.0,False
CUST_000797,True,2,Positive,0,,8,4.172336942169357,1,False,2,0,19.716842319688645,False
CUST_000798,True,0,Positive,0,,3,3.1215172205036636,1,False,1,0,327.1251843450917,False
CUST_000799,True,2,Negative,0,,9,,0,False,0,0,1227.6884527168368,False
CUST_000800,True,1,Neutral,0,,3,4.522207968937453,1,False,2,0,22726.667451001293,True
CUST_000801,False,0,No Data,0,,6,3.675923138187226,1,False,0,0,0.0,False
CUST_000802,True,3,Positive,0,,8,,0,False,0,0,34521.57674322891,True
CUST_000803,True,2,Negative,0,,5,5.0,0,False,2,0,538.5788115596058,False
CUST_000804,True,0,Negative,0,,3,3.902103545539142,0,True,0,0,127.415073098409,False
CUST_000805,True,2,Neutral,0,,4,,0,False,2,1,272.8337748629961,False
CUST_000806,False,0,No Data,0,,5,,1,True,0,0,0.0,False
CUST_000807,True,2,Positive,0,,6,,0,False,0,0,2.0793193370221448,False
CUST_000808,True,3,Positive,1,4.253606352629189,6,2.506617478748592,1,False,2,0,557.7814968762395,False
CUST_000809,False,0,No Data,0,,8,3.849710714015745,0,True,0,0,0.0,False
CUST_000810,False,0,No Data,0,,4,4.008205971566872,0,False,0,0,0.0,False
CUST_000811,True,4,Neutral,1,3.4021662388589515,7,4.1591733001902185,1,False,1,1,9141.820306485524,False
CUST_000812,True,1,Positive,0,,8,2.6111710000886363,0,False,1,0,87.52868620522895,False
CUST_000813,True,3,Neutral,1,2.336434394218492,5,,1,False,1,0,157.44751542068676,False
CUST_000814,False,0,No Data,0,,6,3.2745618052654692,1,False,0,0,0.0,False
CUST_000815,True,0,Positive,0,,5,3.6172496282483015,0,False,2,0,345.4019223667503,False
CUST_000816,False,0,No Data,0,,6,,1,False,0,0,0.0,False
CUST_000817,True,2,Positive,0,,7,,0,False,0,0,59.5802497225415,False
CUST_000818,True,0,Neutral,1,3.679843555551981,3,5.0,0,True,1,1,1623.2046904702638,False
CUST_000819,True,4,Neutral,0,,4,4.573095413927322,0,True,2,0,106.52701513767926,False
CUST_000820,True,2,Positive,0,,6,2.4582825273550144,0,False,1,0,1495.2876945113026,False
CUST_000821,True,1,Positive,0,,5,4.187030514045448,0,False,2,0,19286.43808695514,True
CUST_000822,True,2,Positive,1,2.2767725694371697,8,4.1416299336710125,0,False,0,1,724.0908032751254,False
CUST_000823,True,4,Neutral,0,,0,,0,False,1,0,448.7660314059111,False
CUST_000824,True,1,Positive,0,,4,3.665259611124259,1,False,0,0,733.519855324642,False
CUST_000825,True,2,Neutral,0,,4,3.5350990999671636,0,False,1,0,14.401594062605726,False
CUST_000826,True,2,Positive,0,,5,,0,False,1,0,43.67680972560724,False
CUST_000827,True,0,Neutral,1,2.838816336264538,3,,1,False,2,0,616.1295127163783,False
CUST_000828,True,2,Neutral,0,,4,,2,False,2,0,1101.933104296097,False
CUST_000829,False,0,No Data,1,3.9058380057468796,4,3.414322842438551,3,False,0,0,0.0,False
CUST_000830,True,0,Negative,0,,6,4.3149018111962265,0,False,0,0,745.3164793314726,False
CUST_000831,True,3,Negative,1,4.918992529816463,4,,1,False,0,0,361.8786896647055,False
CUST_000832,True,1,Negative,0,,5,3.8381922395988397,0,True,0,0,256.3598372552102,False
CUST_000833,True,1,Negative,3,4.083349592706066,4,,0,True,0,0,21.780507279844866,False
CUST_000834,True,3,Negative,0,,6,3.3055702966696305,3,False,1,0,353.45130709545333,False
CUST_000835,True,3,Positive,0,,3,3.00726462453235,1,False,1,0,408275.8837659265,True
CUST_000836,False,0,No Data,0,,2,4.420454579635546,2,False,0,0,0.0,False
CUST_000837,False,0,No Data,0,,2,5.0,1,False,0,0,0.0,False
CUST_000838,True,1,Neutral,0,,5,,1,False,1,2,4206.587997502671,False
CUST_000839,True,1,Positive,0,,5,,1,False,3,0,3568.59535931385,False
CUST_000840,False,0,No Data,0,,6,2.8047584209681475,0,True,0,0,0.0,False
CUST_000841,True,1,Positive,1,2.1801892552673543,8,3.792274867503026,1,False,0,1,4.683995704584479,False
CUST_000842,True,4,Neutral,0,,4,,3,False,2,0,10.836681964087417,False
CUST_000843,True,1,Positive,0,,3,,1,True,2,1,1604.977153716739,False
CUST_000844,True,0,Positive,0,,7,,0,False,1,1,715.9637348278671,False
CUST_000845,True,3,Neutral,0,,4,2.9407524713280164,0,False,0,0,3310.816373243123,False
CUST_000846,True,2,Neutral,0,,2,,0,False,1,0,960.2610185019108,False
CUST_000847,True,0,Negative,0,,1,5.0,1,True,0,0,2122.8869599371587,False
CUST_000848,True,1,Positive,1,1.972023368873802,2,,1,False,1,1,4031.656500578594,False
CUST_000849,True,1,Neutral,0,,1,4.065143575457831,0,True,2,1,111.11755814862924,False
CUST_000850,True,5,Positive,0,,8,4.224275659494746,2,False,1,0,30.89929000235265,False
CUST_000851,False,0,No Data,0,,4,3.8710587083175287,1,True,0,0,0.0,False
CUST_000852,True,1,Neutral,0,,3,,1,False,1,0,2207.996646519077,False
CUST_000853,True,3,Neutral,0,,5,,2,False,0,0,12147.957080198077,True
CUST_000854,True,1,Positive,0,,5,4.958516431537224,0,False,0,0,9875.626990736866,False
CUST_000855,True,2,Positive,0,,8,,2,False,2,0,29190.70275254503,True
CUST_000856,True,2,Negative,0,,5,,1,False,2,1,1786.0641347938883,False
CUST_000857,True,3,Positive,0,,11,,1,True,0,0,325.67768257366845,False
CUST_000858,True,2,Positive,0,,6,,1,False,0,0,5299.5537578572985,False
CUST_000859,True,1,Positive,1,2.799801880399904,3,,0,False,5,1,1398.8968739529776,False
CUST_000860,True,1,Positive,1,2.967350658653166,5,3.3494391020058902,0,True,0,0,138.7929354747028,False
CUST_000861,True,2,Negative,0,,4,,1,False,2,0,1497.4562977520657,False
CUST_000862,True,1,Neutral,0,,2,,0,False,0,0,1748.3227854712022,False
CUST_000863,True,1,Negative,0,,5,3.4948281194295454,1,True,4,0,285.20870482517597,False
CUST_000864,True,4,Neutral,0,,3,,1,False,0,0,1594.1656012092358,False
CUST_000865,True,2,Positive,0,,4,,2,False,0,1,168.80870487028258,False
CUST_000866,True,3,Positive,0,,4,3.7161075624946767,1,False,0,0,14901.083270180594,True
CUST_000867,True,1,Neutral,0,,5,,0,False,0,1,1747.7711190734524,False
CUST_000868,True,4,Positive,1,2.8141701267627033,10,3.247110801386179,4,True,2,0,6341.5637703427,False
CUST_000869,True,1,Negative,2,5.0,4,4.395505904220865,3,False,1,0,7749.660895800088,False
CUST_000870,True,3,Negative,1,5.0,5,5.0,0,False,0,0,83.54628357134273,False
CUST_000871,True,6,Positive,0,,4,4.245310595036078,2,False,2,0,1248.7900169274012,False
CUST_000872,True,0,Positive,0,,6,3.182217370057395,0,True,0,0,5464.5029981936095,False
CUST_000873,False,0,No Data,0,,5,,0,False,0,0,0.0,False
CUST_000874,True,3,Neutral,1,3.2788208643673316,9,3.880759652543685,0,False,0,0,236.79205029498905,False
CUST_000875,True,1,Positive,1,4.675291115010978,10,4.140661784487788,2,False,0,0,215.4139291736908,False
CUST_000876,True,0,Positive,0,,2,3.4817767856667805,0,False,2,0,23.622600536999123,False
CUST_000877,True,1,Neutral,0,,6,4.438138255653685,1,True,0,1,4540.801564181209,False
CUST_000878,True,5,Positive,0,,3,,0,False,0,0,106.64462320539329,False
CUST_000879,False,0,No Data,1,3.2279324367040405,3,3.6103420180012415,1,False,0,0,0.0,False
CUST_000880,True,2,Positive,0,,4,,0,False,1,0,6.780907419772481,False
CUST_000881,False,0,No Data,0,,3,,3,False,0,0,0.0,False
CUST_000882,True,3,Neutral,0,,2,3.0193574164380954,0,False,3,0,63.67924189946866,False
CUST_000883,False,0,No Data,1,2.069753617420584,2,,1,False,0,0,0.0,False
CUST_000884,True,2,Negative,0,,2,4.2609552213595565,0,False,2,0,379.6274625854779,False
CUST_000885,True,4,Positive,0,,4,,2,False,1,0,345.90065606921263,False
CUST_000886,True,1,Positive,0,,9,4.6512432059387665,0,True,0,0,1778.2075125656988,False
CUST_000887,True,2,Positive,0,,7,,1,True,0,0,11.703358491858182,False
CUST_000888,True,2,Neutral,0,,7,,1,True,0,0,66.34918676632854,False
CUST_000889,True,0,Neutral,0,,5,,0,True,2,0,21820.493941271696,True
CUST_000890,False,0,No Data,0,,4,,1,False,0,0,0.0,False
CUST_000891,True,2,Neutral,0,,4,5.0,1,True,0,0,5346.497534730931,False
CUST_000892,False,0,No Data,0,,9,,1,False,0,0,0.0,False
CUST_000893,True,2,Positive,0,,4,2.894593878962179,1,False,1,0,289.5050595046526,False
CUST_000894,True,4,Neutral,2,5.0,8,,2,False,1,0,1113.6476432805107,False
CUST_000895,True,2,Negative,1,5.0,5,3.506713194945813,0,False,1,2,5701.30051863213,False
CUST_000896,True,0,Negative,0,,3,3.6946907705630996,0,False,0,0,3701.8611012546507,False
CUST_000897,True,1,Positive,0,,5,,1,False,1,0,17.358038086384678,False
CUST_000898,False,0,No Data,0,,4,3.43976489022734,0,False,0,0,0.0,False
CUST_000899,True,3,Positive,1,3.5204427036791563,6,,0,True,2,0,98.46148983703395,False
CUST_000900,True,2,Neutral,0,,5,4.054777040490561,0,True,0,0,569.835966828053,False
CUST_000901,True,2,Positive,0,,6,4.95336972563604,2,False,1,0,589.9443139586789,False
CUST_000902,True,2,Positive,0,,3,,2,False,1,0,360.0794810341962,False
CUST_000903,True,2,Neutral,0,,4,4.8181444199693,3,True,1,0,661.3768720150445,False
CUST_000904,True,4,Neutral,1,4.313817100538456,5,,0,False,2,0,1293.501881753646,False
CUST_000905,True,2,Neutral,0,,5,,2,False,0,0,5445.450842798532,False
CUST_000906,False,0,No Data,0,,10,,0,False,0,0,0.0,False
CUST_000907,True,3,Negative,1,3.7308530171741143,7,,1,True,0,1,175.2539783985368,False
CUST_000908,True,4,Negative,0,,4,,0,False,0,2,102.9092990560886,False
CUST_000909,True,1,Neutral,1,3.0827077116797694,7,3.5791915200924205,0,False,3,0,82.96246940433375,False
CUST_000910,True,1,Negative,3,5.0,5,2.800990274705347,0,True,0,1,262.5136441076758,False
CUST_000911,True,2,Negative,0,,4,,1,False,0,0,1953.2296399026616,False
CUST_000912,True,4,Negative,0,,5,,1,False,1,0,174.2037256284626,False
CUST_000913,True,5,Positive,0,,6,,0,False,1,0,3724.6157627054913,False
CUST_000914,True,1,Positive,0,,8,,1,True,0,1,123.18295944607279,False
CUST_000915,True,0,Positive,0,,5,,0,True,3,1,128.31075226361057,False
CUST_000916,True,0,Negative,0,,3,,2,True,3,0,9.640248020043181,False
CUST_000917,True,3,Neutral,1,3.9444130767387433,3,,0,False,0,1,36.62791440357934,False
CUST_000918,True,3,Positive,0,,4,,1,False,2,0,80.839749027343,False
CUST_000919,False,0,No Data,0,,2,3.3477685033788105,0,True,0,0,0.0,False
CUST_000920,False,0,No Data,0,,6,,0,False,0,0,0.0,False
CUST_000921,True,2,Negative,0,,6,3.7744908956105077,2,True,5,0,431.733277970711,False
CUST_000922,True,1,Neutral,0,,5,4.938206115469856,0,True,1,0,64.06655802259368,False
CUST_000923,False,0,No Data,0,,2,4.529824854792047,0,False,0,0,0.0,False
CUST_000924,True,2,Positive,1,4.303166078387529,6,3.0493343435948357,0,True,3,0,1157.209210915707,False
CUST_000925,True,3,Neutral,0,,3,4.7396925062633795,1,True,0,0,657.6453972501159,False
CUST_000926,False,0,No Data,0,,5,,0,False,0,0,0.0,False
CUST_000927,True,2,Neutral,2,1.3823610960339305,7,4.779244812906164,2,True,1,0,173.39577983089546,False
CUST_000928,True,4,Positive,0,,5,3.9097281267352293,1,False,4,1,3588.0840408701047,False
CUST_000929,True,2,Neutral,0,,5,3.2546123098169324,0,False,0,0,118.08605593007069,False
CUST_000930,True,5,Neutral,3,4.3204731199735384,3,,1,True,0,0,170.80870478893223,False
CUST_000931,True,2,Negative,0,,8,3.766005592781278,1,False,0,0,30.01496311092662,False
CUST_000932,True,1,Neutral,1,3.494443447882547,4,4.296928920154173,0,True,0,0,3682.470961054849,False
CUST_000933,False,0,No Data,0,,7,5.0,1,False,0,0,0.0,False
CUST_000934,False,0,No Data,0,,4,2.854653776353458,1,True,0,0,0.0,False
CUST_000935,True,1,Positive,0,,4,,2,False,1,0,1135.0460439551055,False
CUST_000936,False,0,No Data,0,,5,3.8262430813349466,1,False,0,0,0.0,False
CUST_000937,True,2,Negative,0,,5,3.2729278450101162,2,False,1,0,14.544970125949831,False
CUST_000938,True,0,Positive,0,,6,5.0,0,True,0,2,368.5168717181788,False
CUST_000939,False,0,No Data,0,,6,,1,False,0,0,0.0,False
CUST_000940,True,0,Neutral,0,,6,3.72462632089689,1,False,0,1,291.5667773656727,False
CUST_000941,True,1,Positive,2,1.805859735890156,7,3.345290319185674,0,False,1,0,19.640828318482423,False
CUST_000942,True,9,Positive,0,,3,3.223860423432634,1,True,3,0,134132.9039305396,True
CUST_000943,True,4,Positive,0,,2,,1,True,0,0,1973.038258686676,False
CUST_000944,True,2,Neutral,1,1.4798679320474322,4,4.29111017146392,2,False,1,0,194.46351328522707,False
CUST_000945,True,1,Positive,0,,5,,2,False,0,0,107.4317614967504,False
CUST_000946,True,2,Neutral,1,2.1070314488161,2,4.629705040484983,0,True,1,0,447.9362288806814,False
CUST_000947,False,0,No Data,0,,2,2.229780572550676,1,False,0,0,0.0,False
CUST_000948,False,0,No Data,0,,7,,0,True,0,0,0.0,False
CUST_000949,True,0,Neutral,1,1.2532107040050549,5,3.549637725383272,0,True,1,0,149.37287290623513,False
CUST_000950,True,1,Neutral,0,,6,,4,False,1,0,4255.92296875695,False
CUST_000951,True,4,Neutral,0,,7,5.0,0,False,0,0,672.2880020730817,False
CUST_000952,True,1,Negative,0,,2,2.5894413285765356,1,False,3,0,14.417771349921697,False
CUST_000953,False,0,No Data,0,,3,,0,False,0,0,0.0,False
CUST_000954,False,0,No Data,1,4.327154063916688,2,4.244786067833148,2,True,0,0,0.0,False
CUST_000955,True,2,Negative,0,,4,,1,False,3,0,1.731225196371141,False
CUST_000956,True,4,Neutral,0,,1,4.022190851159493,1,False,1,1,95.88878857431946,False
CUST_000957,True,3,Positive,0,,2,3.7905075380994133,1,False,1,1,2616.14222060188,False
CUST_000958,True,3,Negative,2,4.323482298151797,5,3.163376402415917,0,False,3,1,2677.0044409587404,False
CUST_000959,False,0,No Data,1,3.3863165099915773,3,2.9150719769438993,0,False,0,0,0.0,False
CUST_000960,True,2,Positive,0,,5,2.086511200199914,3,False,2,0,7555.459976274707,False
CUST_000961,True,3,Negative,0,,3,4.502571306656846,2,False,1,1,132.0719599026844,False
CUST_000962,True,5,Neutral,1,4.434795779382011,3,,0,False,0,0,69.15714937191471,False
CUST_000963,True,2,Negative,0,,4,3.5768457029341256,1,False,0,0,16.745202287787233,False
CUST_000964,True,6,Positive,0,,4,,1,False,4,0,27844.478429720726,True
CUST_000965,True,2,Neutral,0,,4,3.713173474902798,0,False,1,0,57.89655500222214,False
CUST_000966,True,4,Positive,3,3.325420510859838,3,,1,False,2,1,90.62180938905952,False
CUST_000967,True,0,Negative,0,,1,4.775971522275467,1,True,0,0,1559.0491401468055,False
CUST_000968,False,0,No Data,0,,5,,0,False,0,0,0.0,False
CUST_000969,True,4,Positive,0,,6,5.0,0,True,2,0,8.522545550870865,False
CUST_000970,True,2,Positive,0,,4,,0,False,0,0,1325.575287379513,False
CUST_000971,True,3,Neutral,0,,3,,0,False,4,0,187.1568758604114,False
CUST_000972,True,3,Positive,1,3.2916241082059794,5,4.652149993070901,0,True,2,0,2606.128051242102,False
CUST_000973,False,0,No Data,0,,1,4.65923464050581,0,False,0,0,0.0,False
CUST_000974,False,0,No Data,0,,4,,0,False,0,0,0.0,False
CUST_000975,False,0,No Data,0,,6,,2,True,0,0,0.0,False
CUST_000976,True,1,Positive,0,,3,,1,True,1,0,367.115664397976,False
CUST_000977,False,0,No Data,1,4.662680683948393,8,3.677271269801372,0,True,0,0,0.0,False
CUST_000978,False,0,No Data,0,,4,3.7700667640303696,0,True,0,0,0.0,False
CUST_000979,True,2,Positive,0,,2,,0,False,0,0,419.83068129159665,False
CUST_000980,True,3,Positive,1,5.0,4,4.642125451299474,2,False,1,2,115.62454384045219,False
CUST_000981,True,3,Neutral,0,,8,,0,False,3,0,2553.7623406927546,False
CUST_000982,False,0,No Data,0,,4,3.0450066764859205,2,False,0,0,0.0,False
CUST_000983,False,0,No Data,0,,8,5.0,1,False,0,0,0.0,False
CUST_000984,False,0,No Data,1,4.303380773257858,2,,0,True,0,0,0.0,False
CUST_000985,True,3,Positive,0,,5,4.2032422705513826,0,False,0,0,631.0754863409071,False
CUST_000986,True,0,Positive,0,,4,3.5477135582448476,1,False,0,0,911.0138934755076,False
CUST_000987,True,3,Neutral,0,,1,,0,False,3,0,6974.809705925009,False
CUST_000988,True,0,Neutral,0,,4,,1,False,1,1,335.48116961764765,False
CUST_000989,True,1,Negative,0,,3,4.48524429868456,0,False,2,0,1860.8720830809257,False
CUST_000990,False,0,No Data,1,2.0539714014304105,7,4.643103598409969,1,True,0,0,0.0,False
CUST_000991,True,3,Positive,0,,7,,1,False,0,1,1817.259529434603,False
CUST_000992,True,1,Neutral,0,,5,3.1475709208473877,0,False,1,0,15.666732926243554,False
CUST_000993,True,1,Negative,0,,5,,1,False,0,0,11.41714384932069,False
CUST_000994,True,1,Neutral,1,3.4370322280386545,5,5.0,2,False,1,0,16.885064001135564,False
CUST_000995,True,0,Neutral,0,,9,,0,False,0,1,10.464510897671069,False
CUST_000996,True,1,Negative,0,,5,,0,False,0,0,22021.46419783741,True
CUST_000997,True,2,Positive,1,2.8521231598648287,4,3.5009491961681993,2,False,1,0,358.2480104728763,False
CUST_000998,True,1,Neutral,0,,4,,2,False,2,0,42.21774878701038,False
CUST_000999,True,6,Neutral,0,,4,,1,True,2,1,134.04451585784685,False
CUST_001000,True,3,Positive,0,,1,5.0,2,False,2,1,7341.311916154971,False
